:START_ID,:TYPE,:END_ID
城墙,初置时间,先秦
空心敌台,初置时间,隆庆
墙台,初置时间,明朝
烽火台,初置时间,先秦
关城,初置时间,明朝
镇城,初置时间,明朝
路城,初置时间,明朝
卫城,初置时间,洪武
所城,初置时间,明朝
堡城,初置时间,明朝
炮墙,初置时间,明朝
传烽厂,初置时间,明朝
战台,初置时间,明朝
实心敌台,初置时间,明朝
九眼楼,初置时间,明朝
瓮城,初置时间,汉朝
边墙,初置时间,明朝
箭楼,初置时间,正统
角楼,初置时间,先秦
屯堡,初置时间,洪武
千斤闸,初置时间,正统
黄松峪长城,所在区县,平谷县
红石门长城,所在区县,平谷县
将军关长城,所在区县,平谷县
四座楼风景区,所在区县,平谷县
司马台长城,所在区县,密云县
蟠龙山长城,所在区县,密云县
古北口长城,所在区县,密云县
卧虎山长城景区,所在区县,密云县
云蒙山长城遗址公园,所在区县,密云县
五座楼森林公园,所在区县,密云县
白岭关长城风景区,所在区县,密云县
白道峪风景旅游区,所在区县,密云县
桃源仙谷风景名胜区,所在区县,密云县
天云山风景区,所在区县,密云县
慕田峪长城,所在区县,怀柔县
青龙峡景区,所在区县,怀柔县
黄花城水长城,所在区县,怀柔县
神堂峪长城,所在区县,怀柔县
摩崖石刻自然风景区,所在区县,怀柔县
鳞龙山自然风景区,所在区县,怀柔县
箭扣长城,所在区县,怀柔县
响水湖长城风景区,所在区县,怀柔县
河防口长城,所在区县,怀柔县
八达岭残长城自然风景区,所在区县,延庆
八达岭水关长城,所在区县,延庆
八达岭长城,所在区县,延庆
石峡关残长城,所在区县,延庆
九眼楼长城景区,所在区县,延庆
百里山水画廊,所在区县,延庆
北京结点山,所在区县,延庆
龙泉峪长城,所在区县,延庆
居庸关长城景区,所在区县,昌平
黄楼洼,所在区县,昌平
灵山自然风景区,所在区县,门头沟
山海关景区,所在区县,山海关区
角山长城,所在区县,山海关区
老龙头,所在区县,山海关区
黄崖关长城,所在区县,蓟县
界岭口城堡,所在区县,抚宁县
青山关景区,所在区县,迁西县
九门口长城,所在区县,山海关区
黄松峪长城,野生植物,桑
黄松峪长城,野生植物,山楂
黄松峪长城,野生植物,油松
黄松峪长城,野生植物,荆条
红石门长城,野生植物,荆条
红石门长城,野生植物,紫椴
司马台长城,野生植物,荆条
司马台长城,野生植物,紫椴
司马台长城,野生植物,蒙古栎
司马台长城,野生植物,胡桃楸
司马台长城,野生植物,油松
古北口长城,野生植物,板栗
慕田峪长城,野生植物,荆条
慕田峪长城,野生植物,紫椴
慕田峪长城,野生植物,蒙古栎
慕田峪长城,野生植物,胡桃楸
慕田峪长城,野生植物,油松
黄花城水长城,野生植物,板栗
神堂峪长城,野生植物,毛樱桃
神堂峪长城,野生植物,山葡萄
神堂峪长城,野生植物,榛
神堂峪长城,野生植物,油松
神堂峪长城,野生植物,板栗
神堂峪长城,野生植物,桑
八达岭长城,野生植物,荆条
八达岭长城,野生植物,紫椴
八达岭长城,野生植物,蒙古栎
八达岭长城,野生植物,胡桃楸
八达岭长城,野生植物,油松
石峡关残长城,野生植物,山杏
石峡关残长城,野生植物,荆条
司马台长城,修建人,刘应节
司马台长城,修建人,谭纶
司马台长城,修建人,戚继光
慕田峪长城,修建人,徐达
八达岭水关长城,修建人,戚继光
老龙头,修建人,戚继光
黄崖关长城,修建人,戚继光
金山岭长城,修建人,戚继光
《永平府志》,作者,宋琬
《顺天府志》,作者,谢杰
《练兵杂纪》,作者,戚继光
《卢龙赛略》,作者,郭造卿
《九边图考》,作者,许论
《武备志》,作者,茅元仪
《四镇三关志》,作者,刘效祖
《皇明九边考》,作者,魏焕
《明史》,作者,张廷玉
《练兵实纪》,作者,戚继光
《天下郡国利病书》,作者,顾炎武
《西关志》,作者,王士翘
《宣大山西三镇图说》,作者,杨时宁
《读史方舆纪要》,作者,顾祖禹
《昌平山水记》,作者,顾炎武
《辽东志》,作者,毕恭
《顺天府志》,作者,沈应文
《永平府志》,成书朝代,光绪
《顺天府志》,成书朝代,万历
《蓟州志》,成书朝代,清朝
《练兵杂纪》,成书朝代,隆庆
《朔州志》,成书朝代,雍正
《卢龙赛略》,成书朝代,明朝
《通州志》,成书朝代,嘉靖
《宣府镇志》,成书朝代,清朝
《九边图考》,成书朝代,隆庆
《宣化县志》,成书朝代,乾隆
《宣化府志》,成书朝代,乾隆
《万全县志》,成书朝代,清朝
《大同府志》,成书朝代,乾隆
《宁夏新志》,成书朝代,弘治
《宁夏府志》,成书朝代,乾隆
《畿辅通志》,成书朝代,清朝
《平谷县志》,成书朝代,雍正
《武备志》,成书朝代,天启
《四镇三关志》,成书朝代,万历
《明实录》,成书朝代,明朝
《皇明九边考》,成书朝代,嘉靖
《明史兵志》,成书朝代,明朝
《明史》,成书朝代,清朝
《明长城蓟镇图》,成书朝代,明朝
《练兵实纪》,成书朝代,隆庆
《天下郡国利病书》,成书朝代,清朝
《西关志》,成书朝代,嘉靖
《宣大山西三镇图说》,成书朝代,万历
《读史方舆纪要》,成书朝代,康熙
《昌平山水记》,成书朝代,清朝
《九边图说》,成书朝代,隆庆
《辽东志》,成书朝代,正统
《三云筹俎考》,成书朝代,万历
毕恭,职位,指挥佥事
常遇春,职位,公爵
仇鸾,职位,候爵
戴金,职位,兵部尚书
冯胜,职位,公爵
傅友德,职位,公爵
耿炳文,职位,候爵
郭亮,职位,候爵
郭英,职位,候爵
华云龙,职位,候爵
蓝玉,职位,候爵
李成梁,职位,伯爵
李景隆,职位,公爵
刘效祖,职位,伯爵
谭纶,职位,兵部尚书
沐英,职位,候爵
茅元仪,职位,副总兵
聂豹,职位,兵部尚书
石亨,职位,公爵
孙承宗,职位,兵部尚书
谭广,职位,伯爵
高拱,职位,大学士
韩斌,职位,副总兵
何栋,职位,都御史
李如柏,职位,总兵官
刘应节,职位,都御史
沈应文,职位,侍郎
宋琬,职位,参政
汪鋐,职位,兵部尚书
王崇古,职位,兵部尚书
王士翘,职位,佥都御史
吴时来,职位,都御史
吴惟忠,职位,指挥佥事
熊廷弼,职位,经略
许论,职位,兵部尚书
徐达,职位,公爵
徐达,职位,丞相
杨镐,职位,经略
杨时宁,职位,知县
杨嗣昌,职位,兵部尚书
杨兆,职位,总督
殷士儋,职位,大学士
于谦,职位,兵部尚书
张鼎思,职位,给事中
张居正,职位,大学士
张廷玉,职位,大学士
郑亨,职位,候爵
朱纯,职位,给事中
朱升,职位,大学士
邹来学,职位,都御史
王抒,职位,都御史
玄烨,儿子,胤禛
胤禛,父亲,玄烨
弘历,父亲,胤禛
朱元璋,孙子,朱允炆
朱允炆,祖父,朱元璋
朱棣,父亲,朱元璋
朱高炽,父亲,朱棣
朱瞻基,父亲,朱高炽
朱祁镇,父亲,朱瞻基
朱祁钰,父亲,朱瞻基
朱见深,父亲,朱祁镇
朱祐樘,父亲,朱见深
朱厚照,父亲,朱祐樘
朱厚熜,父亲,朱见深
朱载坖,父亲,朱厚熜
朱翊钧,父亲,朱载坖
朱常洛,父亲,朱翊钧
朱由校,父亲,朱常洛
朱由检,父亲,朱常洛
朱由崧,祖父,朱翊钧
胤禛,儿子,弘历
朱元璋,儿子,朱棣
朱允炆,叔伯,朱棣
朱棣,儿子,朱高炽
朱高炽,儿子,朱瞻基
朱瞻基,儿子,朱祁镇
朱祁镇,兄弟,朱祁钰
朱祁钰,兄弟,朱祁镇
朱见深,叔伯,朱祁钰
朱祐樘,儿子,朱厚照
朱厚照,兄弟,朱厚熜
朱厚熜,兄弟,朱厚照
朱载坖,叔伯,朱厚照
朱翊钧,儿子,朱常洛
朱常洛,儿子,朱由校
朱由校,兄弟,朱由检
朱由检,兄弟,朱由校
朱棣,孙子,朱瞻基
朱瞻基,儿子,朱祁钰
朱祐樘,儿子,朱厚熜
朱厚熜,儿子,朱载坖
朱载坖,儿子,朱翊钧
靖难之役,发生时代,建文
庚戌之变,发生时代,嘉靖
土木之变,发生时代,正统
隆庆和议,发生时代,隆庆
萨尔浒之战,发生时代,万历
调北征南,发生时代,洪武
金辽战争,发生时代,辽
京师保卫战,发生时代,正统
潘家口之战,发生时代,嘉靖
洪山口之战,发生时代,崇祯
昌平之战,发生时代,崇祯
清河城之战,发生时代,万历
靖难之役,主要参与者,朱允炆
靖难之役,主要参与者,朱棣
靖难之役,主要参与者,耿炳文
靖难之役,主要参与者,李景隆
庚戌之变,主要参与者,严嵩
庚戌之变,主要参与者,丁汝夔
庚戌之变,主要参与者,鞑靼
庚戌之变,主要参与者,仇鸾
土木之变,主要参与者,朱祁镇
土木之变,主要参与者,王振
土木之变,主要参与者,瓦剌
隆庆和议,主要参与者,鞑靼
隆庆和议,主要参与者,高拱
隆庆和议,主要参与者,张居正
隆庆和议,主要参与者,方逢时
隆庆和议,主要参与者,王崇古
萨尔浒之战,主要参与者,努尔哈赤
萨尔浒之战,主要参与者,杨镐
萨尔浒之战,主要参与者,李如柏
调北征南,主要参与者,朱元璋
调北征南,主要参与者,傅友德
调北征南,主要参与者,沐英
调北征南,主要参与者,蓝玉
金辽战争,主要参与者,女真
金辽战争,主要参与者,契丹
京师保卫战,主要参与者,于谦
京师保卫战,主要参与者,石亨
京师保卫战,主要参与者,瓦剌
京师保卫战,主要参与者,朱祁钰
京师保卫战,主要参与者,朱祁镇
潘家口之战,主要参与者,鞑靼
潘家口之战,主要参与者,王抒
洪山口之战,主要参与者,女真
昌平之战,主要参与者,女真
清河城之战,主要参与者,努尔哈赤
清河城之战,主要参与者,女真
清河城之战,主要参与者,邹储贤
清河城之战,主要参与者,杨镐
潘家口之战,事件发生地,义院口关
潘家口之战,事件发生地,冷口关
潘家口之战,事件发生地,潘家口关
洪山口之战,事件发生地,龙井儿关
洪山口之战,事件发生地,大安口关
洪山口之战,事件发生地,洪山口关
昌平之战,事件发生地,冷口关
清河城之战,事件发生地,三道关
古北口抗战,事件发生地,古北口
总督,初置时间,嘉靖
总兵官,初置时间,明朝
副总兵,初置时间,明朝
参将,初置时间,明朝
守备,初置时间,明朝
千总,初置时间,嘉靖
总旗,初置时间,明朝
小旗,初置时间,明朝
巡抚,初置时间,宣德
游击将军,初置时间,汉朝
提调,初置时间,元朝
卫指挥使司,初置时间,洪武
经历,初置时间,明朝
知事,初置时间,宋朝
镇抚司,初置时间,洪武
总兵官,直系上司,总督
副总兵,直系上司,总兵官
参将,直系上司,总兵官
守备,直系上司,参将
百总,直系上司,千总
千总,直系上司,提调
总旗,直系上司,百总
小旗,直系上司,总旗
巡抚,直系上司,总督
兵备官,直系上司,巡抚
游击将军,直系上司,总兵官
通州参将,初置时间,嘉靖
山海路参将,初置时间,正德
石门路参将,初置时间,嘉靖
燕河路参将,初置时间,正统
太平路参将,初置时间,正德
喜峰口参将,初置时间,万历
马兰路参将,初置时间,正统
墙子路参将,初置时间,嘉靖
古北路参将,初置时间,嘉靖
石塘路参将,初置时间,嘉靖
密云左营游击,初置时间,嘉靖
密云右营游击,初置时间,嘉靖
密云振武营游击,初置时间,嘉靖
密云辎重营游击,初置时间,隆庆
遵化左营游击,初置时间,嘉靖
遵化右营游击,初置时间,嘉靖
遵化辎重营游击,初置时间,隆庆
三屯营左营游击,初置时间,嘉靖
三屯右营游击,初置时间,隆庆
三屯营辎重营游击,初置时间,隆庆
保河车营游击,初置时间,嘉靖
台头路游击,初置时间,隆庆
曹家路游击,初置时间,嘉靖
松棚路游击,初置时间,隆庆
密云永胜营坐营,初置时间,隆庆
漕运把总,初置时间,万历
山海路参将,分守路,山海路
石门路参将,分守路,石门路
燕河路参将,分守路,燕河路
太平路参将,分守路,太平路
喜峰口参将,分守路,喜峰口路
马兰路参将,分守路,马兰路
墙子路参将,分守路,墙子路
古北路参将,分守路,古北路
石塘路参将,分守路,石塘路
密云左营游击,专佚应援路,墙子路
密云右营游击,专佚应援路,墙子路
密云振武营游击,专佚应援路,墙子路
密云辎重营游击,专佚应援路,曹家路
镇虏营游击,专佚应援路,墙子路
遵化左营游击,专佚应援路,马兰路
遵化右营游击,专佚应援路,马兰路
遵化辎重营游击,专佚应援路,马兰路
三屯营左营游击,专佚应援路,喜峰口路
三屯右营游击,专佚应援路,松棚路
三屯营辎重营游击,专佚应援路,松棚路
保河车营游击,专佚应援路,松棚路
台头路游击,专佚应援路,台头路
曹家路游击,专佚应援路,曹家路
松棚路游击,专佚应援路,松棚路
密云左营游击,专佚应援路,古北路
密云右营游击,专佚应援路,古北路
保河车营游击,专佚应援路,太平路
都指挥使司,初置时间,洪武
粮储户部分司,初置时间,洪武
主事,初置时间,汉朝
通判,初置时间,宋朝
兵备按察分司,初置时间,洪武
驿使,初置时间,汉朝
镇朔将军,初置时间,南北朝
公爵,初置时间,先秦
候爵,初置时间,先秦
伯爵,初置时间,先秦
子爵,初置时间,先秦
男爵,初置时间,先秦
同知,初置时间,宋朝
百总,初置时间,明朝
大学士,初置时间,唐朝
右少卿,初置时间,明朝
侍郎,初置时间,汉朝
丞相,初置时间,秦朝
知州,初置时间,宋朝
都指挥佥书,初置时间,明朝
副都御史,初置时间,明朝
左少监,初置时间,明朝
参议,初置时间,洪武
六部郎中,初置时间,唐朝
镇守太监,初置时间,洪熙
少监,初置时间,唐朝
监丞,初置时间,清朝
奉御,初置时间,隋朝
长史,初置时间,秦朝
国子监祭酒,初置时间,西晋
参政,初置时间,宋朝
塞王,初置时间,洪武
大理寺卿,初置时间,秦朝
布政使,初置时间,洪武
尚衣监,初置时间,明朝
督师,初置时间,明朝
巡关御史,初置时间,明朝
太守,初置时间,先秦
制府,初置时间,明朝
经略,初置时间,南北朝
佥都御史,初置时间,洪武
给事中,初置时间,秦朝
兵部尚书,初置时间,隋朝
指挥佥事,初置时间,明朝
都御史,初置时间,明朝
知县,初置时间,宋朝
镇朔将军印,初置时间,明朝
佛郎机,初置时间,嘉靖
快枪,初置时间,明朝
神枢车,初置时间,嘉靖
西瓜纸炮,初置时间,宋朝
火镰石,初置时间,宋朝
号炮,初置时间,宋朝
火器,初置时间,宋朝
拒马器,初置时间,明朝
长枪,初置时间,明朝
筤筅,初置时间,明朝
龙刀枪,初置时间,明朝
火钻,初置时间,唐朝
火箭,初置时间,唐朝
铁炮,初置时间,崇祯
火铳,初置时间,元朝
四眼铳,初置时间,明朝
三眼铳,初置时间,明朝
鸟铳,初置时间,嘉靖
铳棍,初置时间,明朝
铁将军炮,初置时间,明朝
腰刀,初置时间,宋朝
捣马突枪,初置时间,宋朝
斩马刀,初置时间,汉朝
连枷棍,初置时间,宋朝
骨朵,初置时间,唐朝
连子铳,初置时间,嘉靖
牛腿小炮,初置时间,崇祯
火炮,初置时间,宋朝
镞形枪,初置时间,清朝
笔形枪,初置时间,清朝
钩形枪,初置时间,清朝
箭形枪,初置时间,明朝
洪武,在位皇帝,朱元璋
建文,在位皇帝,朱允炆
永乐,在位皇帝,朱棣
洪熙,在位皇帝,朱高炽
宣德,在位皇帝,朱瞻基
正统,在位皇帝,朱祁镇
景泰,在位皇帝,朱祁钰
天顺,在位皇帝,朱祁镇
成化,在位皇帝,朱见深
弘治,在位皇帝,朱祐樘
正德,在位皇帝,朱厚照
嘉靖,在位皇帝,朱厚熜
隆庆,在位皇帝,朱载坖
万历,在位皇帝,朱翊钧
泰昌,在位皇帝,朱常洛
天启,在位皇帝,朱由校
崇祯,在位皇帝,朱由检
弘光,在位皇帝,朱由崧
后金,在位皇帝,努尔哈赤
康熙,在位皇帝,玄烨
雍正,在位皇帝,胤禛
乾隆,在位皇帝,弘历
咸丰,在位皇帝,奕詝
光绪,在位皇帝,载湉
明朝,年号,洪武
明朝,年号,建文
明朝,年号,永乐
明朝,年号,洪熙
明朝,年号,宣德
明朝,年号,正统
明朝,年号,景泰
明朝,年号,天顺
明朝,年号,成化
明朝,年号,弘治
明朝,年号,正德
明朝,年号,嘉靖
明朝,年号,隆庆
明朝,年号,万历
明朝,年号,泰昌
明朝,年号,天启
明朝,年号,崇祯
明朝,年号,弘光
清朝,年号,康熙
清朝,年号,雍正
清朝,年号,乾隆
清朝,年号,咸丰
清朝,年号,光绪
辽东镇,初置时间,永乐
宣府镇,初置时间,永乐
大同镇,初置时间,永乐
延绥镇,初置时间,永乐
宁夏镇,初置时间,永乐
甘肃镇,初置时间,洪武
山西镇,初置时间,宣德
固原镇,初置时间,明朝
蓟镇,初置时间,明朝
昌镇,初置时间,明朝
真保镇,初置时间,明朝
蓟镇,所在区县,怀柔县
蓟镇,所在区县,密云县
蓟镇,所在区县,平谷县
蓟镇,所在区县,蓟县
蓟镇,所在区县,遵化市
蓟镇,所在区县,迁西县
蓟镇,所在区县,迁安县
蓟镇,所在区县,卢龙县
蓟镇,所在区县,抚宁县
蓟镇,所在区县,山海关区
昌镇,所在区县,昌平
昌镇,所在区县,延庆
真保镇,所在区县,门头沟
山海卫,初置时间,洪武
抚宁卫,初置时间,永乐
永平卫,初置时间,洪武
东胜左卫,初置时间,永乐
卢龙卫,初置时间,永乐
兴州右屯卫,初置时间,永乐
开平中屯卫,初置时间,永乐
遵化卫,初置时间,洪武
忠义中卫,初置时间,永乐
宽河守御千户所,初置时间,洪武
东胜右卫,初置时间,永乐
兴州前屯卫,初置时间,永乐
兴州左屯卫,初置时间,永乐
蓟州卫,初置时间,洪武
镇朔卫,初置时间,永乐
营州右屯卫,初置时间,永乐
密云后卫,初置时间,洪武
营州中屯卫,初置时间,永乐
营州后屯卫,初置时间,永乐
兴州后屯卫,初置时间,永乐
营州前屯卫,初置时间,永乐
梁城守御千户所,初置时间,洪武
密云中卫,初置时间,洪武
神武中卫,初置时间,洪武
定边卫,初置时间,洪武
通州卫,初置时间,洪武
通州左卫,初置时间,永乐
通州右卫,初置时间,永乐
武清卫,初置时间,永乐
营州左屯卫,初置时间,永乐
渤海守御千户所,初置时间,弘治
延庆卫,初置时间,洪武
兴州中屯卫,初置时间,永乐
涿鹿卫,初置时间,永乐
涿鹿左卫,初置时间,永乐
涿鹿中卫,初置时间,永乐
镇边城守御千户所,初置时间,正统
白羊口千户所,初置时间,景泰
潮河千户所,初置时间,弘治
古北口守御千户所,初置时间,洪武
山海卫,所属镇边,蓟镇
抚宁卫,所属镇边,蓟镇
永平卫,所属镇边,蓟镇
东胜左卫,所属镇边,蓟镇
卢龙卫,所属镇边,蓟镇
兴州右屯卫,所属镇边,蓟镇
开平中屯卫,所属镇边,蓟镇
遵化卫,所属镇边,蓟镇
忠义中卫,所属镇边,蓟镇
宽河守御千户所,所属镇边,蓟镇
东胜右卫,所属镇边,蓟镇
兴州前屯卫,所属镇边,蓟镇
兴州左屯卫,所属镇边,蓟镇
蓟州卫,所属镇边,蓟镇
镇朔卫,所属镇边,蓟镇
营州右屯卫,所属镇边,蓟镇
密云后卫,所属镇边,蓟镇
营州中屯卫,所属镇边,蓟镇
营州后屯卫,所属镇边,蓟镇
兴州后屯卫,所属镇边,蓟镇
营州前屯卫,所属镇边,蓟镇
梁城守御千户所,所属镇边,蓟镇
密云中卫,所属镇边,蓟镇
神武中卫,所属镇边,蓟镇
定边卫,所属镇边,蓟镇
通州卫,所属镇边,蓟镇
通州左卫,所属镇边,蓟镇
通州右卫,所属镇边,蓟镇
武清卫,所属镇边,蓟镇
营州左屯卫,所属镇边,蓟镇
渤海守御千户所,所属镇边,昌镇
延庆卫,所属镇边,昌镇
兴州中屯卫,所属镇边,昌镇
涿鹿卫,所属镇边,昌镇
涿鹿左卫,所属镇边,昌镇
涿鹿中卫,所属镇边,昌镇
镇边城守御千户所,所属镇边,昌镇
白羊口千户所,所属镇边,昌镇
潮河千户所,所属镇边,蓟镇
古北口守御千户所,所属镇边,蓟镇
山海卫,所在区县,山海关区
抚宁卫,所在区县,抚宁县
永平卫,所在区县,卢龙县
东胜左卫,所在区县,卢龙县
卢龙卫,所在区县,卢龙县
兴州右屯卫,所在区县,迁安县
遵化卫,所在区县,遵化市
忠义中卫,所在区县,遵化市
宽河守御千户所,所在区县,遵化市
东胜右卫,所在区县,遵化市
蓟州卫,所在区县,蓟县
镇朔卫,所在区县,蓟县
营州右屯卫,所在区县,蓟县
营州中屯卫,所在区县,平谷县
密云中卫,所在区县,密云县
延庆卫,所在区县,延庆
潮河千户所,所在区县,密云县
古北口守御千户所,所在区县,密云县
山海卫,驻守官,卫指挥使司
山海卫,驻守官,千总
山海卫,驻守官,百总
山海卫,驻守官,镇抚司
山海卫,驻守官,经历
抚宁卫,驻守官,卫指挥使司
抚宁卫,驻守官,千总
抚宁卫,驻守官,百总
抚宁卫,驻守官,镇抚司
抚宁卫,驻守官,经历
永平卫,驻守官,卫指挥使司
永平卫,驻守官,千总
永平卫,驻守官,百总
永平卫,驻守官,镇抚司
永平卫,驻守官,经历
永平卫,驻守官,知事
东胜左卫,驻守官,卫指挥使司
东胜左卫,驻守官,千总
东胜左卫,驻守官,百总
东胜左卫,驻守官,镇抚司
东胜左卫,驻守官,经历
东胜左卫,驻守官,知事
卢龙卫,驻守官,卫指挥使司
卢龙卫,驻守官,千总
卢龙卫,驻守官,百总
卢龙卫,驻守官,经历
兴州右屯卫,驻守官,卫指挥使司
兴州右屯卫,驻守官,千总
兴州右屯卫,驻守官,百总
兴州右屯卫,驻守官,镇抚司
兴州右屯卫,驻守官,经历
兴州右屯卫,驻守官,知事
开平中屯卫,驻守官,卫指挥使司
开平中屯卫,驻守官,千总
开平中屯卫,驻守官,百总
开平中屯卫,驻守官,镇抚司
开平中屯卫,驻守官,经历
遵化卫,驻守官,卫指挥使司
遵化卫,驻守官,千总
遵化卫,驻守官,百总
遵化卫,驻守官,经历
忠义中卫,驻守官,卫指挥使司
忠义中卫,驻守官,千总
忠义中卫,驻守官,百总
忠义中卫,驻守官,镇抚司
忠义中卫,驻守官,经历
宽河守御千户所,驻守官,千总
宽河守御千户所,驻守官,百总
东胜右卫,驻守官,卫指挥使司
东胜右卫,驻守官,千总
东胜右卫,驻守官,百总
东胜右卫,驻守官,经历
兴州前屯卫,驻守官,卫指挥使司
兴州前屯卫,驻守官,千总
兴州前屯卫,驻守官,百总
兴州前屯卫,驻守官,镇抚司
兴州前屯卫,驻守官,经历
兴州左屯卫,驻守官,卫指挥使司
兴州左屯卫,驻守官,千总
兴州左屯卫,驻守官,百总
兴州左屯卫,驻守官,镇抚司
兴州左屯卫,驻守官,经历
蓟州卫,驻守官,卫指挥使司
蓟州卫,驻守官,千总
蓟州卫,驻守官,百总
蓟州卫,驻守官,镇抚司
蓟州卫,驻守官,经历
镇朔卫,驻守官,卫指挥使司
镇朔卫,驻守官,千总
镇朔卫,驻守官,百总
镇朔卫,驻守官,镇抚司
镇朔卫,驻守官,经历
营州右屯卫,驻守官,经历
密云后卫,驻守官,卫指挥使司
密云后卫,驻守官,千总
密云后卫,驻守官,百总
密云后卫,驻守官,经历
营州中屯卫,驻守官,卫指挥使司
营州中屯卫,驻守官,千总
营州中屯卫,驻守官,百总
营州中屯卫,驻守官,镇抚司
营州中屯卫,驻守官,经历
营州后屯卫,驻守官,卫指挥使司
营州后屯卫,驻守官,千总
营州后屯卫,驻守官,百总
营州后屯卫,驻守官,镇抚司
营州后屯卫,驻守官,经历
兴州后屯卫,驻守官,卫指挥使司
兴州后屯卫,驻守官,千总
兴州后屯卫,驻守官,百总
兴州后屯卫,驻守官,镇抚司
兴州后屯卫,驻守官,经历
营州前屯卫,驻守官,经历
梁城守御千户所,驻守官,千总
梁城守御千户所,驻守官,百总
密云中卫,驻守官,卫指挥使司
密云中卫,驻守官,千总
密云中卫,驻守官,百总
密云中卫,驻守官,镇抚司
密云中卫,驻守官,经历
神武中卫,驻守官,经历
定边卫,驻守官,经历
通州卫,驻守官,经历
通州左卫,驻守官,经历
通州右卫,驻守官,经历
营州左屯卫,驻守官,卫指挥使司
营州左屯卫,驻守官,千总
营州左屯卫,驻守官,百总
营州左屯卫,驻守官,经历
延庆卫,驻守官,卫指挥使司
延庆卫,驻守官,千总
延庆卫,驻守官,百总
延庆卫,驻守官,镇抚司
延庆卫,驻守官,经历
兴州中屯卫,驻守官,卫指挥使司
兴州中屯卫,驻守官,千总
兴州中屯卫,驻守官,百总
兴州中屯卫,驻守官,镇抚司
兴州中屯卫,驻守官,经历
涿鹿卫,驻守官,卫指挥使司
涿鹿卫,驻守官,千总
涿鹿卫,驻守官,百总
涿鹿卫,驻守官,镇抚司
涿鹿卫,驻守官,经历
涿鹿卫,驻守官,知事
涿鹿左卫,驻守官,卫指挥使司
涿鹿左卫,驻守官,千总
涿鹿左卫,驻守官,百总
涿鹿左卫,驻守官,镇抚司
涿鹿左卫,驻守官,经历
涿鹿左卫,驻守官,知事
涿鹿中卫,驻守官,卫指挥使司
涿鹿中卫,驻守官,千总
涿鹿中卫,驻守官,百总
涿鹿中卫,驻守官,镇抚司
涿鹿中卫,驻守官,经历
涿鹿中卫,驻守官,知事
潮河千户所,驻守官,千总
潮河千户所,驻守官,百总
山海路,所属,永平道
石门路,所属,永平道
台头路,所属,永平道
燕河路,所属,永平道
太平路,所属,蓟州道
喜峰口路,所属,蓟州道
松棚路,所属,蓟州道
马兰路,所属,蓟州道
墙子路,所属,密云道
曹家路,所属,密云道
古北路,所属,密云道
石塘路,所属,密云道
居庸路,所属镇边,昌镇
黄花路,所属镇边,昌镇
横岭路,所属镇边,昌镇
紫荆关,所属镇边,真保镇
倒马关,所属镇边,真保镇
龙泉关,所属镇边,真保镇
山海路,所在区县,山海关区
石门路,所在区县,抚宁县
台头路,所在区县,抚宁县
燕河路,所在区县,卢龙县
太平路,所在区县,迁安县
喜峰口路,所在区县,迁安县
松棚路,所在区县,迁安县
马兰路,所在区县,蓟县
墙子路,所在区县,密云县
曹家路,所在区县,密云县
古北路,所在区县,密云县
石塘路,所在区县,密云县
太平路,所在区县,迁西县
马兰路,所在区县,平谷县
石塘路,所在区县,怀柔县
永平道,驻地,建昌营城堡
蓟州道,驻地,三屯营城堡
密云道,驻地,石匣营城堡
永平道,所属镇边,蓟镇
蓟州道,所属镇边,蓟镇
密云道,所属镇边,蓟镇
永平道,驻守官,副总兵
蓟州道,驻守官,副总兵
密云道,驻守官,副总兵
永平道,所在区县,山海关区
蓟州道,所在区县,迁安县
密云道,所在区县,平谷县
永平道,所在区县,抚宁县
永平道,所在区县,卢龙县
蓟州道,所在区县,迁西县
蓟州道,所在区县,遵化市
蓟州道,所在区县,蓟县
蓟州道,所在区县,平谷县
密云道,所在区县,密云县
密云道,所在区县,怀柔县
一片石,所属路,石门路
大毛山,所属路,石门路
义院口,所属路,石门路
界岭口,所属路,台头路
青山口下,所属路,台头路
桃林口,所属路,燕河路
冷口,所属路,燕河路
擦崖子,所属路,太平路
榆木岭,所属路,太平路
董家口,所属路,喜峰口路
大喜峰口,所属路,喜峰口路
龙井儿,所属路,松棚路
洪山口,所属路,松棚路
罗文峪,所属路,松棚路
大安口下,所属路,马兰路
宽佃峪,所属路,马兰路
黄崖口,所属路,马兰路
将军营,所属路,马兰路
镇虔营,所属路,墙子路
墙子岭,所属路,墙子路
曹家寨,所属路,曹家路
古北口,所属路,古北路
潮河川,所属路,古北路
白马关,所属路,石塘路
石塘岭,所属路,石塘路
灰岭口,所属路,居庸路
八达岭,所属路,居庸路
石峡峪,所属路,居庸路
渤海口,所属路,黄花路
黄花镇,所属路,黄花路
白羊口,所属路,横岭路
长城谷,所属路,横岭路
横岭口,所属路,横岭路
镇边城,所属路,横岭路
一片石,主要建筑,空心敌台
大毛山,主要建筑,空心敌台
义院口,主要建筑,空心敌台
界岭口,主要建筑,空心敌台
青山口下,主要建筑,空心敌台
桃林口,主要建筑,空心敌台
冷口,主要建筑,空心敌台
擦崖子,主要建筑,空心敌台
榆木岭,主要建筑,空心敌台
董家口,主要建筑,空心敌台
大喜峰口,主要建筑,空心敌台
龙井儿,主要建筑,空心敌台
洪山口,主要建筑,空心敌台
罗文峪,主要建筑,空心敌台
大安口下,主要建筑,空心敌台
宽佃峪,主要建筑,空心敌台
黄崖口,主要建筑,空心敌台
将军营,主要建筑,空心敌台
镇虔营,主要建筑,空心敌台
墙子岭,主要建筑,空心敌台
曹家寨,主要建筑,空心敌台
古北口,主要建筑,空心敌台
潮河川,主要建筑,空心敌台
白马关,主要建筑,空心敌台
石塘岭,主要建筑,空心敌台
八达岭,主要建筑,空心敌台
石峡峪,主要建筑,空心敌台
渤海口,主要建筑,空心敌台
黄花镇,主要建筑,空心敌台
白羊口,主要建筑,空心敌台
长城谷,主要建筑,空心敌台
横岭口,主要建筑,空心敌台
镇边城,主要建筑,空心敌台
一片石,主要建筑,附墙台
大毛山,主要建筑,附墙台
义院口,主要建筑,附墙台
界岭口,主要建筑,附墙台
青山口下,主要建筑,附墙台
桃林口,主要建筑,附墙台
冷口,主要建筑,附墙台
擦崖子,主要建筑,附墙台
榆木岭,主要建筑,附墙台
龙井儿,主要建筑,附墙台
洪山口,主要建筑,附墙台
罗文峪,主要建筑,附墙台
古北口,主要建筑,附墙台
石塘岭,主要建筑,附墙台
灰岭口,主要建筑,附墙台
八达岭,主要建筑,附墙台
石峡峪,主要建筑,附墙台
渤海口,主要建筑,附墙台
黄花镇,主要建筑,附墙台
白羊口,主要建筑,附墙台
长城谷,主要建筑,附墙台
横岭口,主要建筑,附墙台
镇边城,主要建筑,附墙台
密云守备,驻守官,守备
三河守备,驻守官,守备
蓟州守备,驻守官,守备
遵化守备,驻守官,守备
三屯守备,驻守官,守备
永平守备,驻守官,守备
黄崖口守备,驻守官,守备
大毛山提调,驻守官,提调
义院口提调,驻守官,提调
冷口提调,驻守官,提调
桃林口提调,驻守官,提调
青山口提调,驻守官,提调
界岭口提调,驻守官,提调
擦崖子提调,驻守官,提调
榆木岭提调,驻守官,提调
李家口提调,驻守官,提调
董家口提调,驻守官,提调
龙井儿提调,驻守官,提调
洪山口提调,驻守官,提调
罗文谷提调,驻守官,提调
大安口提调,驻守官,提调
宽佃谷提调,驻守官,提调
黄崖口提调,驻守官,提调
将军营提调,驻守官,提调
镇虏营提调,驻守官,提调
墙子岭提调,驻守官,提调
曹家寨提调,驻守官,提调
吉家庄提调,驻守官,提调
古北口提调,驻守官,提调
潮河川提调,驻守官,提调
白马关提调,驻守官,提调
石塘岭提调,驻守官,提调
通州参将,驻守官,参将
山海路参将,驻守官,参将
石门路参将,驻守官,参将
燕河路参将,驻守官,参将
太平路参将,驻守官,参将
喜峰口参将,驻守官,参将
马兰路参将,驻守官,参将
墙子路参将,驻守官,参将
古北路参将,驻守官,参将
石塘路参将,驻守官,参将
密云左营游击,驻守官,游击将军
密云右营游击,驻守官,游击将军
密云振武营游击,驻守官,游击将军
密云辎重营游击,驻守官,游击将军
镇虏营游击,驻守官,游击将军
遵化左营游击,驻守官,游击将军
遵化右营游击,驻守官,游击将军
遵化辎重营游击,驻守官,游击将军
三屯营左营游击,驻守官,游击将军
三屯右营游击,驻守官,游击将军
三屯营辎重营游击,驻守官,游击将军
保河车营游击,驻守官,游击将军
台头路游击,驻守官,游击将军
曹家路游击,驻守官,游击将军
松棚路游击,驻守官,游击将军
漕运把总,驻守官,千总
漕运把总,驻守官,百总
密云守备,初置时间,嘉靖
三河守备,初置时间,弘治
蓟州守备,初置时间,天顺
遵化守备,初置时间,成化
三屯守备,初置时间,隆庆
永平守备,初置时间,弘治
黄崖口守备,初置时间,嘉靖
大毛山提调,初置时间,嘉靖
义院口提调,初置时间,嘉靖
冷口提调,初置时间,嘉靖
桃林口提调,初置时间,弘治
青山口提调,初置时间,嘉靖
界岭口提调,初置时间,嘉靖
擦崖子提调,初置时间,弘治
榆木岭提调,初置时间,嘉靖
李家口提调,初置时间,万历
董家口提调,初置时间,弘治
洪山口提调,初置时间,洪武
罗文谷提调,初置时间,永乐
大安口提调,初置时间,永乐
宽佃谷提调,初置时间,永乐
黄崖口提调,初置时间,永乐
将军营提调,初置时间,永乐
镇虏营提调,初置时间,嘉靖
墙子岭提调,初置时间,嘉靖
曹家寨提调,初置时间,嘉靖
吉家庄提调,初置时间,万历
古北口提调,初置时间,弘治
潮河川提调,初置时间,弘治
白马关提调,初置时间,嘉靖
石塘岭提调,初置时间,嘉靖
大毛山提调,驻地,大毛山
义院口提调,驻地,义院口
冷口提调,驻地,冷口
桃林口提调,驻地,桃林口
青山口提调,驻地,青山口
界岭口提调,驻地,界岭口
擦崖子提调,驻地,擦崖子
榆木岭提调,驻地,榆木岭
李家口提调,驻地,大喜峰口
董家口提调,驻地,董家口
龙井儿提调,驻地,龙井儿
洪山口提调,驻地,洪山口
罗文谷提调,驻地,罗文峪
大安口提调,驻地,大安口
宽佃谷提调,驻地,宽佃峪
黄崖口提调,驻地,黄崖口
将军营提调,驻地,将军营
镇虏营提调,驻地,镇虏营城堡
墙子岭提调,驻地,墙子岭
曹家寨提调,驻地,曹家寨
吉家庄提调,驻地,吉家庄营城堡
古北口提调,驻地,古北口
潮河川提调,驻地,潮河川
白马关提调,驻地,白马关
石塘岭提调,驻地,石塘岭
山海关,初置时间,洪武
南海口关,初置时间,洪武
南水关,初置时间,洪武
北水关,初置时间,洪武
旱门关,初置时间,洪武
角山关,初置时间,洪武
滥水关,初置时间,洪武
寺儿谷,初置时间,洪武
三道关,初置时间,洪武
一片石关,初置时间,洪武
吾名口,初置时间,弘治
大青山关,初置时间,永乐
西阳口,初置时间,洪武
大安口,初置时间,洪武
黄土岭关,初置时间,洪武
庙山口,初置时间,弘治
义院口关,初置时间,洪武
青山口,初置时间,洪武
界岭口关,初置时间,洪武
箭杆岭关,初置时间,弘治
乾涧儿口,初置时间,洪武
重峪口关,初置时间,洪武
桃林口关,初置时间,洪武
刘家口关,初置时间,永乐
冷口关,初置时间,洪武
徐流口关,初置时间,洪武
河流口关,初置时间,成化
白道子关,初置时间,洪武
石门子口,初置时间,洪武
白羊峪关,初置时间,洪武
榆木岭关,初置时间,洪武
五重安关,初置时间,洪武
洪峪口关,初置时间,洪武
擦崖子关,初置时间,洪武
城子谷关,初置时间,弘治
铁门关,初置时间,洪武
大喜峰口关,初置时间,洪武
小喜峰口关,初置时间,洪武
青山口关,初置时间,洪武
董家口关,初置时间,洪武
逰乡口关,初置时间,洪武
龙井儿关,初置时间,洪武
沙坡峪关,初置时间,洪武
苏郎峪关,初置时间,嘉靖
三台山关,初置时间,洪武
西常峪关,初置时间,洪武
东常峪关,初置时间,洪武
潘家口关,初置时间,嘉靖
于家峪关,初置时间,洪武
洪山口关,初置时间,洪武
山寨峪关,初置时间,洪武
廖家峪关,初置时间,正德
马蹄峪关,初置时间,洪武
罗文峪关,初置时间,洪武
鲇鱼石关,初置时间,永乐
大安口关,初置时间,永乐
黄崖口关,初置时间,永乐
宽佃峪关,初置时间,永乐
彰作里关,初置时间,永乐
龙洞峪关,初置时间,永乐
冷嘴头关,初置时间,永乐
古强口关,初置时间,永乐
黄松谷关,初置时间,永乐
将军关,初置时间,永乐
灰峪口,初置时间,洪武
北水峪关,初置时间,洪武
南水峪关,初置时间,洪武
大黄崖关,初置时间,永乐
小黄崖关,初置时间,永乐
黄门口关,初置时间,洪武
墙子岭关,初置时间,洪武
汉儿岭关,初置时间,洪武
古北口关,初置时间,洪武
龙王峪关,初置时间,洪武
潮河川关,初置时间,洪武
砖垛子关,初置时间,洪武
白马关,初置时间,永乐
营城岭关,初置时间,永乐
冯家峪关,初置时间,永乐
白崖峪关,初置时间,永乐
响水峪关,初置时间,永乐
左二关,初置时间,永乐
西驼骨关,初置时间,永乐
东驼骨关,初置时间,永乐
陈家峪关,初置时间,永乐
亓连口关,初置时间,永乐
神堂峪关,初置时间,永乐
河防口关,初置时间,永乐
大水峪关,初置时间,永乐
白道峪关,初置时间,永乐
小水峪关,初置时间,永乐
牛盆峪关,初置时间,永乐
东水峪关,初置时间,永乐
西石城关,初置时间,永乐
东石城关,初置时间,永乐
石塘岭关,初置时间,永乐
炕儿谷,初置时间,洪武
平顶谷堡,初置时间,洪武
水门寺堡,初置时间,洪武
城子谷堡,初置时间,弘治
柳河卫堡,初置时间,洪武
董家口堡,初置时间,洪武
大毛山堡,初置时间,洪武
小毛山堡,初置时间,洪武
娃娃谷堡,初置时间,洪武
小河口堡,初置时间,洪武
甘泉堡,初置时间,洪武
温泉堡,初置时间,洪武
孤石谷堡,初置时间,嘉靖
柳罐谷堡,初置时间,洪武
苇子谷堡,初置时间,洪武
细谷口堡,初置时间,洪武
花场谷堡,初置时间,洪武
拿子谷堡,初置时间,弘治
板场谷堡,初置时间,嘉靖
长谷口堡,初置时间,洪武
罗汉洞,初置时间,弘治
中桑堡,初置时间,嘉靖
星星谷堡,初置时间,景泰
梧桐谷堡,初置时间,正德
东胜寨,初置时间,正德
佛儿谷寨,初置时间,弘治
孤窑儿寨,初置时间,弘治
正水谷寨,初置时间,成化
新开岭堡,初置时间,洪武
澜柴沟堡,初置时间,弘治
大岭寨,初置时间,洪武
胜岭寨,初置时间,洪武
横山寨,初置时间,洪武
团亭寨,初置时间,洪武
石梯子谷寨,初置时间,洪武
椴木谷寨,初置时间,洪武
李家谷寨,初置时间,洪武
椂八谷寨,初置时间,洪武
张家安寨,初置时间,洪武
三道岭寨,初置时间,洪武
白枣谷寨,初置时间,洪武
西安谷寨,初置时间,洪武
山口寨,初置时间,洪武
猫儿谷寨,初置时间,洪武
秋科谷寨,初置时间,洪武
蔡家谷寨,初置时间,永乐
捨身谷寨,初置时间,永乐
天胜寨,初置时间,永乐
平山顶寨,初置时间,永乐
沙岭儿寨,初置时间,永乐
龙池寨,初置时间,永乐
石崖岭寨,初置时间,洪武
饿老婆顶寨,初置时间,正德
烽台岭寨,初置时间,弘治
独松谷寨,初置时间,弘治
马兰谷寨,初置时间,洪武
太平安寨,初置时间,成化
车道谷寨,初置时间,嘉靖
蚕椽谷寨,初置时间,成化
耻口谷寨,初置时间,成化
峨眉山寨,初置时间,永乐
黑水湾寨,初置时间,永乐
青山岭寨,初置时间,成化
熊儿谷寨,初置时间,洪武
鱼子山寨,初置时间,洪武
磨刀谷寨,初置时间,洪武
南谷寨,初置时间,洪武
将军台,初置时间,洪武
柏岭安寨,初置时间,洪武
齐头崖寨,初置时间,洪武
梧桐安寨,初置时间,洪武
扒头崖寨,初置时间,洪武
师姑谷寨,初置时间,洪武
倒班岭寨,初置时间,洪武
大角谷寨,初置时间,洪武
水谷寨,初置时间,洪武
黑谷寨,初置时间,洪武
烽火谷寨,初置时间,洪武
烧香谷寨,初置时间,洪武
恶谷寨,初置时间,洪武
南峪寨,初置时间,洪武
遥桥谷寨,初置时间,洪武
大虫谷寨,初置时间,洪武
大水窪寨,初置时间,洪武
苏家谷寨,初置时间,洪武
姜毛谷寨,初置时间,洪武
石塘谷寨,初置时间,洪武
小台儿寨,初置时间,洪武
师坡谷,初置时间,洪武
沙岭儿口寨,初置时间,洪武
丫鬟山寨,初置时间,洪武
司马台寨,初置时间,洪武
鸦鹘安寨,初置时间,洪武
盧家安寨,初置时间,洪武
蠺房谷寨,初置时间,洪武
陡道谷寨,初置时间,洪武
吊马谷寨,初置时间,洪武
潮河第七寨,初置时间,洪武
潮河第六寨,初置时间,永乐
潮河第五寨,初置时间,永乐
潮河第一寨,初置时间,永乐
划车岭寨,初置时间,永乐
大良谷寨,初置时间,永乐
牛头海口营城堡,初置时间,永乐
黄土岭营城堡,初置时间,成化
长谷驻操营城堡,初置时间,成化
石门寨营城堡,初置时间,洪武
平山营城堡,初置时间,成化
驸马寨营城堡,初置时间,洪武
台头营城堡,初置时间,永乐
赤洋海口营城堡,初置时间,永乐
界岭口营城堡,初置时间,洪武
燕河营城堡,初置时间,洪武
桃林营城堡,初置时间,宣德
刘家营城堡,初置时间,宣德
新桥海口营城堡,初置时间,永乐
徐流营城堡,初置时间,宣德
建昌营城堡,初置时间,宣德
五重安营城堡,初置时间,洪武
太平寨营城堡,初置时间,正德
青山驻操营城堡,初置时间,成化
滦阳营城堡,初置时间,洪武
汉儿庄营城堡,初置时间,洪武
松棚谷营城堡,初置时间,洪武
三屯营城堡,初置时间,天顺
罗文谷营城堡,初置时间,洪武
大安口营城堡,初置时间,永乐
鲶鱼石营城堡,初置时间,永乐
马兰谷营城堡,初置时间,永乐
黄崖口营城堡,初置时间,天顺
黄崖口驻操营城堡,初置时间,洪武
将军石营城堡,初置时间,永乐
峨眉山营城堡,初置时间,永乐
熊儿谷营城堡,初置时间,洪武
镇虏营城堡,初置时间,永乐
墙子岭营城堡,初置时间,洪武
曹家寨营城堡,初置时间,洪武
吉家庄营城堡,初置时间,洪武
司马台营城堡,初置时间,洪武
古北口营城堡,初置时间,洪武
潮河川旧营城堡,初置时间,洪武
潮河川新营城堡,初置时间,弘治
石匣营城堡,初置时间,弘治
白马关营城堡,初置时间,洪武
石塘岭营城堡,初置时间,永乐
大水谷旧营城堡,初置时间,永乐
大水谷新营城堡,初置时间,永乐
山海关,所在关（路）,山海路
南海口关,所在关（路）,山海路
南水关,所在关（路）,山海路
北水关,所在关（路）,山海路
旱门关,所在关（路）,山海路
角山关,所在关（路）,山海路
滥水关,所在关（路）,山海路
寺儿谷,所在关（路）,山海路
三道关,所在关（路）,山海路
一片石关,所在关（路）,一片石
吾名口,所在关（路）,一片石
大青山关,所在关（路）,一片石
西阳口,所在关（路）,一片石
大安口,所在关（路）,一片石
黄土岭关,所在关（路）,一片石
庙山口,所在关（路）,一片石
义院口关,所在关（路）,义院口
青山口,所在关（路）,青山口下
界岭口关,所在关（路）,界岭口
箭杆岭关,所在关（路）,界岭口
乾涧儿口,所在关（路）,青山口下
重峪口关,所在关（路）,青山口下
桃林口关,所在关（路）,桃林口
刘家口关,所在关（路）,桃林口
冷口关,所在关（路）,冷口
徐流口关,所在关（路）,冷口
河流口关,所在关（路）,冷口
白道子关,所在关（路）,冷口
石门子口,所在关（路）,冷口
白羊峪关,所在关（路）,擦崖子
榆木岭关,所在关（路）,榆木岭
五重安关,所在关（路）,擦崖子
洪峪口关,所在关（路）,擦崖子
擦崖子关,所在关（路）,擦崖子
城子谷关,所在关（路）,擦崖子
铁门关,所在关（路）,大喜峰口
大喜峰口关,所在关（路）,大喜峰口
小喜峰口关,所在关（路）,大喜峰口
青山口关,所在关（路）,董家口
董家口关,所在关（路）,董家口
逰乡口关,所在关（路）,董家口
龙井儿关,所在关（路）,龙井儿
沙坡峪关,所在关（路）,罗文峪
苏郎峪关,所在关（路）,罗文峪
三台山关,所在关（路）,龙井儿
西常峪关,所在关（路）,龙井儿
东常峪关,所在关（路）,龙井儿
潘家口关,所在关（路）,龙井儿
于家峪关,所在关（路）,罗文峪
洪山口关,所在关（路）,洪山口
山寨峪关,所在关（路）,罗文峪
廖家峪关,所在关（路）,洪山口
马蹄峪关,所在关（路）,罗文峪
罗文峪关,所在关（路）,罗文峪
鲇鱼石关,所在关（路）,大安口下
大安口关,所在关（路）,大安口下
黄崖口关,所在关（路）,黄崖口
宽佃峪关,所在关（路）,宽佃峪
彰作里关,所在关（路）,将军营
龙洞峪关,所在关（路）,宽佃峪
冷嘴头关,所在关（路）,大安口下
古强口关,所在关（路）,黄崖口
黄松谷关,所在关（路）,将军营
将军关,所在关（路）,将军营
灰峪口,所在关（路）,镇虔营
北水峪关,所在关（路）,镇虔营
南水峪关,所在关（路）,镇虔营
大黄崖关,所在关（路）,墙子岭
小黄崖关,所在关（路）,墙子岭
黄门口关,所在关（路）,墙子岭
墙子岭关,所在关（路）,墙子岭
汉儿岭关,所在关（路）,曹家寨
古北口关,所在关（路）,古北口
龙王峪关,所在关（路）,古北口
潮河川关,所在关（路）,潮河川
砖垛子关,所在关（路）,古北口
白马关口,所在关（路）,白马关
营城岭关,所在关（路）,白马关
冯家峪关,所在关（路）,白马关
白崖峪关,所在关（路）,白马关
响水峪关,所在关（路）,白马关
左二关,所在关（路）,白马关
西驼骨关,所在关（路）,白马关
东驼骨关,所在关（路）,白马关
陈家峪关,所在关（路）,白马关
亓连口关,所在关（路）,石塘岭
神堂峪关,所在关（路）,石塘岭
河防口关,所在关（路）,石塘岭
大水峪关,所在关（路）,石塘岭
白道峪关,所在关（路）,石塘岭
小水峪关,所在关（路）,石塘岭
牛盆峪关,所在关（路）,石塘岭
东水峪关,所在关（路）,石塘岭
西石城关,所在关（路）,石塘岭
东石城关,所在关（路）,石塘岭
石塘岭关,所在关（路）,石塘岭
炕儿谷,所在关（路）,一片石
平顶谷堡,所在关（路）,大毛山
水门寺堡,所在关（路）,大毛山
城子谷堡,所在关（路）,大毛山
柳河卫堡,所在关（路）,大毛山
董家口堡,所在关（路）,大毛山
大毛山堡,所在关（路）,大毛山
小毛山堡,所在关（路）,大毛山
娃娃谷堡,所在关（路）,大毛山
小河口堡,所在关（路）,大毛山
甘泉堡,所在关（路）,义院口
温泉堡,所在关（路）,义院口
孤石谷堡,所在关（路）,义院口
柳罐谷堡,所在关（路）,义院口
苇子谷堡,所在关（路）,义院口
细谷口堡,所在关（路）,义院口
花场谷堡,所在关（路）,义院口
拿子谷堡,所在关（路）,义院口
板场谷堡,所在关（路）,义院口
长谷口堡,所在关（路）,义院口
罗汉洞,所在关（路）,界岭口
中桑堡,所在关（路）,界岭口
星星谷堡,所在关（路）,界岭口
梧桐谷堡,所在关（路）,青山口下
东胜寨,所在关（路）,青山口下
佛儿谷寨,所在关（路）,桃林口
孤窑儿寨,所在关（路）,桃林口
正水谷寨,所在关（路）,桃林口
新开岭堡,所在关（路）,擦崖子
澜柴沟堡,所在关（路）,榆木岭
大岭寨,所在关（路）,榆木岭
胜岭寨,所在关（路）,董家口
横山寨,所在关（路）,董家口
团亭寨,所在关（路）,大喜峰口
石梯子谷寨,所在关（路）,大喜峰口
椴木谷寨,所在关（路）,大喜峰口
李家谷寨,所在关（路）,大喜峰口
椂八谷寨,所在关（路）,龙井儿
张家安寨,所在关（路）,龙井儿
三道岭寨,所在关（路）,洪山口
白枣谷寨,所在关（路）,洪山口
西安谷寨,所在关（路）,洪山口
山口寨,所在关（路）,罗文峪
猫儿谷寨,所在关（路）,罗文峪
秋科谷寨,所在关（路）,罗文峪
蔡家谷寨,所在关（路）,罗文峪
捨身谷寨,所在关（路）,罗文峪
天胜寨,所在关（路）,罗文峪
平山顶寨,所在关（路）,大安口下
沙岭儿寨,所在关（路）,大安口下
龙池寨,所在关（路）,大安口下
石崖岭寨,所在关（路）,大安口下
饿老婆顶寨,所在关（路）,宽佃峪
烽台岭寨,所在关（路）,宽佃峪
独松谷寨,所在关（路）,宽佃峪
马兰谷寨,所在关（路）,宽佃峪
太平安寨,所在关（路）,黄崖口
车道谷寨,所在关（路）,黄崖口
蚕椽谷寨,所在关（路）,黄崖口
耻口谷寨,所在关（路）,黄崖口
峨眉山寨,所在关（路）,将军营
黑水湾寨,所在关（路）,将军营
青山岭寨,所在关（路）,黄崖口
熊儿谷寨,所在关（路）,镇虔营
鱼子山寨,所在关（路）,镇虔营
磨刀谷寨,所在关（路）,墙子岭
南谷寨,所在关（路）,墙子岭
将军台,所在关（路）,曹家寨
柏岭安寨,所在关（路）,曹家寨
齐头崖寨,所在关（路）,曹家寨
梧桐安寨,所在关（路）,曹家寨
扒头崖寨,所在关（路）,曹家寨
师姑谷寨,所在关（路）,曹家寨
倒班岭寨,所在关（路）,曹家寨
大角谷寨,所在关（路）,曹家寨
水谷寨,所在关（路）,曹家寨
黑谷寨,所在关（路）,曹家寨
烽火谷寨,所在关（路）,曹家寨
烧香谷寨,所在关（路）,曹家寨
恶谷寨,所在关（路）,曹家寨
南峪寨,所在关（路）,曹家寨
遥桥谷寨,所在关（路）,曹家寨
大虫谷寨,所在关（路）,曹家寨
大水窪寨,所在关（路）,曹家寨
苏家谷寨,所在关（路）,曹家寨
姜毛谷寨,所在关（路）,曹家寨
石塘谷寨,所在关（路）,曹家寨
小台儿寨,所在关（路）,曹家寨
师坡谷,所在关（路）,古北口
沙岭儿口寨,所在关（路）,古北口
丫鬟山寨,所在关（路）,古北口
司马台寨,所在关（路）,古北口
鸦鹘安寨,所在关（路）,古北口
盧家安寨,所在关（路）,古北口
蠺房谷寨,所在关（路）,潮河川
陡道谷寨,所在关（路）,潮河川
吊马谷寨,所在关（路）,潮河川
潮河第七寨,所在关（路）,潮河川
潮河第六寨,所在关（路）,潮河川
潮河第五寨,所在关（路）,潮河川
潮河第一寨,所在关（路）,潮河川
划车岭寨,所在关（路）,白马关
大良谷寨,所在关（路）,石塘岭
牛头海口营城堡,所在关（路）,山海路
黄土岭营城堡,所在关（路）,石门路
长谷驻操营城堡,所在关（路）,石门路
石门寨营城堡,所在关（路）,石门路
平山营城堡,所在关（路）,石门路
驸马寨营城堡,所在关（路）,石门路
台头营城堡,所在关（路）,台头路
赤洋海口营城堡,所在关（路）,台头路
界岭口营城堡,所在关（路）,台头路
燕河营城堡,所在关（路）,燕河路
桃林营城堡,所在关（路）,燕河路
刘家营城堡,所在关（路）,燕河路
新桥海口营城堡,所在关（路）,燕河路
徐流营城堡,所在关（路）,燕河路
建昌营城堡,所在关（路）,燕河路
五重安营城堡,所在关（路）,太平路
太平寨营城堡,所在关（路）,太平路
青山驻操营城堡,所在关（路）,喜峰口路
滦阳营城堡,所在关（路）,喜峰口路
汉儿庄营城堡,所在关（路）,松棚路
松棚谷营城堡,所在关（路）,松棚路
三屯营城堡,所在关（路）,松棚路
罗文谷营城堡,所在关（路）,松棚路
大安口营城堡,所在关（路）,马兰路
鲶鱼石营城堡,所在关（路）,马兰路
马兰谷营城堡,所在关（路）,马兰路
黄崖口营城堡,所在关（路）,马兰路
黄崖口驻操营城堡,所在关（路）,马兰路
将军石营城堡,所在关（路）,马兰路
峨眉山营城堡,所在关（路）,马兰路
熊儿谷营城堡,所在关（路）,密云道
镇虏营城堡,所在关（路）,密云道
墙子岭营城堡,所在关（路）,密云道
曹家寨营城堡,所在关（路）,曹家路
吉家庄营城堡,所在关（路）,曹家路
司马台营城堡,所在关（路）,古北路
古北口营城堡,所在关（路）,古北路
潮河川旧营城堡,所在关（路）,古北路
潮河川新营城堡,所在关（路）,古北路
石匣营城堡,所在关（路）,古北路
白马关营城堡,所在关（路）,石塘路
石塘岭营城堡,所在关（路）,石塘路
大水谷旧营城堡,所在关（路）,石塘路
大水谷新营城堡,所在关（路）,石塘路
山海关,修建人,徐达
南海口关,修建人,徐达
大青山关,修建人,洪钟
西阳口,修建人,洪钟
大毛山堡,修建人,洪钟
甘泉堡,修建人,洪钟
黄土岭营城堡,修建人,洪钟
平山营城堡,修建人,宗胜
界岭口关,修建人,戚继光
重峪口关,修建人,洪钟
台头营城堡,修建人,洪钟
台头营城堡,修建人,戚继光
桃林口关,修建人,戚继光
冷口关,修建人,戚继光
孤窑儿寨,修建人,洪钟
松棚谷营城堡,修建人,洪钟
三屯营城堡,修建人,胡镛
三屯营城堡,修建人,戚继光
黄崖口关,修建人,戚继光
马兰谷寨,修建人,戚继光
太平安寨,修建人,戚继光
古北口关,修建人,戚继光
龙庆仓,驻地,密云县
猪圈头仓,驻地,镇虏营城堡
顺义仓,驻地,顺义
黄崖口仓,驻地,黄崖口关
大安口仓,驻地,大安口
永盈仓,驻地,遵化市
汉儿庄仓,驻地,汉儿庄营城堡
青山营仓,驻地,青山驻操营城堡
古北口仓,驻地,古北口关
广丰仓,驻地,石塘岭营城堡
广有仓,驻地,曹家寨营城堡
太平寨仓,驻地,太平寨营城堡
蓟州预备仓,驻地,蓟县
刘家口仓,驻地,刘家口关
台头营仓,驻地,台头营城堡
石门寨仓,驻地,石门寨营城堡
黄土岭仓,驻地,黄土岭营城堡
石匣仓,驻地,石匣营城堡
熊儿谷仓,驻地,平谷县
将军营仓,驻地,将军石营城堡
马兰谷仓,驻地,马兰谷营城堡
罗文谷仓,驻地,罗文峪关
洪山口仓,驻地,洪山口关
喜峰口仓,驻地,大喜峰口关
三屯营仓,驻地,迁西县
广储仓,驻地,白马关口
广积仓,驻地,大水峪关
五重安仓,驻地,五重安营城堡
蓟州仓,驻地,蓟县
建昌营仓,驻地,建昌营城堡
燕河营仓,驻地,燕河营城堡
界岭口仓,驻地,界岭口营城堡
山海仓,驻地,山海关
广盈仓,驻地,墙子岭营城堡
山海关驿,所属路,山海路
榆关驿,所属路,台头路
滦河驿,所属路,燕河路
迁安驿,所属路,石门路
七家岭驿,所属路,太平路
滦阳驿,所属路,太平路
义丰驿,所属路,松棚路
遵化驿,所属路,松棚路
阳樊驿,所属路,马兰路
渔阳驿,所属路,马兰路
三河驿,所属路,古北路
密云驿,所属路,密云县
卢峰口驿,所属路,台头路
斋堂镇,所在区县,门头沟
雁翅镇,所在区县,门头沟
妙峰山镇,所在区县,门头沟
清水镇,所在区县,门头沟
谭柘寺镇,所在区县,门头沟
王平镇,所在区县,门头沟
长陵镇,所在区县,昌平
兴寿镇,所在区县,昌平
小汤山镇,所在区县,昌平
流村镇,所在区县,昌平
崔村镇,所在区县,昌平
北七家镇,所在区县,昌平
南口镇,所在区县,昌平
金海湖镇,所在区县,平谷县
黄松峪乡,所在区县,平谷县
大华山镇,所在区县,平谷县
熊尔寨乡,所在区县,平谷县
山东庄镇,所在区县,平谷县
王辛庄镇,所在区县,平谷县
镇罗营镇,所在区县,平谷县
南独河镇,所在区县,平谷县
大兴庄镇,所在区县,平谷县
刘家店镇,所在区县,平谷县
怀柔镇,所在区县,怀柔县
宝山镇,所在区县,怀柔县
汤河口镇,所在区县,怀柔县
怀北镇,所在区县,怀柔县
琉璃庙镇,所在区县,怀柔县
渤海镇,所在区县,怀柔县
九渡河镇,所在区县,怀柔县
喇叭沟门乡,所在区县,怀柔县
雁栖镇,所在区县,怀柔县
桥梓镇,所在区县,怀柔县
长哨营满族乡,所在区县,怀柔县
石城镇,所在区县,密云县
新城子镇,所在区县,密云县
古北口镇,所在区县,密云县
北庄镇,所在区县,密云县
巨各庄镇,所在区县,密云县
太师屯镇,所在区县,密云县
溪翁庄镇,所在区县,密云县
西田各庄镇,所在区县,密云县
大城子镇,所在区县,密云县
不老屯镇,所在区县,密云县
千家店镇,所在区县,延庆
八达岭镇,所在区县,延庆
延庆镇,所在区县,延庆
大庄科乡,所在区县,延庆
珍珠泉乡,所在区县,延庆
永宁镇,所在区县,延庆
旧县镇,所在区县,延庆
井庄镇,所在区县,延庆
四海镇,所在区县,延庆
张山营镇,所在区县,延庆
大榆树镇,所在区县,延庆
沈家营镇,所在区县,延庆
爨底下村,所属乡镇,斋堂镇
柏峪村,所属乡镇,斋堂镇
向阳口村,所属乡镇,斋堂镇
黄岭西村,所属乡镇,斋堂镇
火村,所属乡镇,斋堂镇
马栏村,所属乡镇,斋堂镇
碣石村,所属乡镇,雁翅镇
高台村,所属乡镇,雁翅镇
岭角村,所属乡镇,妙峰山镇
涧沟村,所属乡镇,妙峰山镇
炭厂村,所属乡镇,妙峰山镇
黄土台村,所属乡镇,妙峰山镇
水峪嘴村,所属乡镇,妙峰山镇
洪水口村,所属乡镇,清水镇
江水河村,所属乡镇,清水镇
八亩堰村,所属乡镇,清水镇
黄安坨村,所属乡镇,清水镇
西达么村,所属乡镇,清水镇
张家铺村,所属乡镇,清水镇
赵家台村,所属乡镇,谭柘寺镇
平原村,所属乡镇,谭柘寺镇
东马各庄村,所属乡镇,王平镇
韭园村,所属乡镇,王平镇
麻峪房子民俗村,所属乡镇,长陵镇
黄泉寺村,所属乡镇,长陵镇
下口村,所属乡镇,长陵镇
碓臼峪村,所属乡镇,长陵镇
东水峪村,所属乡镇,长陵镇
康陵村,所属乡镇,长陵镇
德陵民俗村,所属乡镇,长陵镇
大岭沟村,所属乡镇,长陵镇
百合村,所属乡镇,兴寿镇
西湖民俗村,所属乡镇,兴寿镇
花果山民俗村,所属乡镇,兴寿镇
湖门民俗村,所属乡镇,兴寿镇
酸枣岭村,所属乡镇,小汤山镇
长峪城村,所属乡镇,流村镇
菩萨鹿村,所属乡镇,流村镇
瓦摇村,所属乡镇,流村镇
漆园村,所属乡镇,流村镇
北照台村,所属乡镇,流村镇
香堂村,所属乡镇,崔村镇
郑各庄村,所属乡镇,北七家镇
天龙潭村,所属乡镇,南口镇
羊台子民俗村,所属乡镇,南口镇
花塔村,所属乡镇,南口镇
居庸关村,所属乡镇,南口镇
白羊城民俗村,所属乡镇,流村镇
真顺村,所属乡镇,崔村镇
黄草洼村,所属乡镇,金海湖镇
海子村,所属乡镇,金海湖镇
韩庄村,所属乡镇,金海湖镇
将军关村,所属乡镇,金海湖镇
红石门村,所属乡镇,金海湖镇
黑水湾村,所属乡镇,金海湖镇
郭家屯村,所属乡镇,金海湖镇
雕窝村,所属乡镇,黄松峪乡
梨树沟村,所属乡镇,黄松峪乡
塔洼村,所属乡镇,黄松峪乡
大东沟村,所属乡镇,黄松峪乡
鱼子山村,所属乡镇,山东庄镇
苏子峪村,所属乡镇,大华山镇
挂甲峪村,所属乡镇,大华山镇
泉水峪村,所属乡镇,大华山镇
东辛撞村,所属乡镇,大华山镇
老泉口村,所属乡镇,熊尔寨乡
太后村,所属乡镇,王辛庄镇
北太平庄村,所属乡镇,王辛庄镇
井峪村,所属乡镇,王辛庄镇
东四道岭村,所属乡镇,镇罗营镇
玻璃台村,所属乡镇,镇罗营镇
张家台村,所属乡镇,镇罗营镇
北寨村,所属乡镇,南独河镇
淘金谷欢乐农家,所属乡镇,大兴庄镇
东山下村,所属乡镇,刘家店镇
行宫村,所属乡镇,刘家店镇
前吉山村,所属乡镇,刘家店镇
北宅村,所属乡镇,桥梓镇
新王峪村,所属乡镇,桥梓镇
上王峪村,所属乡镇,桥梓镇
卢庄村,所属乡镇,怀柔镇
甘涧峪村,所属乡镇,怀柔镇
超梁子村,所属乡镇,宝山镇
东帽湾村,所属乡镇,汤河口镇
西庄村,所属乡镇,怀北镇
大水峪村,所属乡镇,怀北镇
椴树岭村,所属乡镇,怀北镇
河防口村,所属乡镇,怀北镇
后山铺村,所属乡镇,琉璃庙镇
八宝堂村,所属乡镇,琉璃庙镇
西湾子村,所属乡镇,琉璃庙镇
青石岭村,所属乡镇,琉璃庙镇
庄户村,所属乡镇,渤海镇
苇店民俗村,所属乡镇,渤海镇
六渡河村,所属乡镇,渤海镇
慕田峪村,所属乡镇,渤海镇
三岔村,所属乡镇,渤海镇
北沟村,所属乡镇,渤海镇
田仙峪村,所属乡镇,渤海镇
西水峪村,所属乡镇,九渡河镇
杏树台村,所属乡镇,九渡河镇
石湖峪村,所属乡镇,九渡河镇
孙栅子村,所属乡镇,喇叭沟门乡
苗营村,所属乡镇,喇叭沟门乡
中榆树店村,所属乡镇,喇叭沟门乡
官地村,所属乡镇,雁栖镇
神堂峪村,所属乡镇,雁栖镇
莲花池村,所属乡镇,雁栖镇
石片村,所属乡镇,雁栖镇
七道梁正白旗村,所属乡镇,长哨营满族乡
石城村,所属乡镇,石城镇
石塘路村,所属乡镇,石城镇
贾峪村,所属乡镇,石城镇
张家坟村,所属乡镇,石城镇
捧河岩村,所属乡镇,石城镇
水堡子村,所属乡镇,石城镇
黄土梁村,所属乡镇,石城镇
遥桥峪村,所属乡镇,新城子镇
曹家路村,所属乡镇,新城子镇
花园村,所属乡镇,新城子镇
河东村,所属乡镇,古北口镇
河西村,所属乡镇,古北口镇
司马台村,所属乡镇,古北口镇
苇子峪村,所属乡镇,北庄镇
南沟村,所属乡镇,北庄镇
达峪村,所属乡镇,巨各庄镇
双圣峪村,所属乡镇,太师屯镇
龙潭沟村,所属乡镇,太师屯镇
走马庄口门子村,所属乡镇,溪翁庄镇
石马峪民俗村,所属乡镇,溪翁庄镇
黑山寺村,所属乡镇,溪翁庄镇
牛盆峪村,所属乡镇,西田各庄镇
大龙门村,所属乡镇,大城子镇
史庄子村,所属乡镇,不老屯镇
河西村（秀水湾民俗度假村）,所属乡镇,千家店镇
长寿岭村,所属乡镇,千家店镇
古家窑村,所属乡镇,千家店镇
下湾村,所属乡镇,千家店镇
里炮村（红苹果度假村）,所属乡镇,八达岭镇
岔道村,所属乡镇,八达岭镇
东沟村,所属乡镇,八达岭镇
石佛寺村,所属乡镇,八达岭镇
石峡村,所属乡镇,八达岭镇
下德龙湾村,所属乡镇,八达岭镇
东小河屯村,所属乡镇,延庆镇
卓家营村,所属乡镇,延庆镇
水泉沟村（莲花缘度假村）,所属乡镇,大庄科乡
香屯村,所属乡镇,大庄科乡
汉家川河南村,所属乡镇,大庄科乡
珍珠泉村,所属乡镇,珍珠泉乡
水泉子村,所属乡镇,珍珠泉乡
小川村,所属乡镇,珍珠泉乡
上磨村,所属乡镇,永宁镇
盆窑村,所属乡镇,旧县镇
古城村,所属乡镇,旧县镇
柳沟村,所属乡镇,井庄镇
南湾村,所属乡镇,四海镇
西大庄科村,所属乡镇,张山营镇
玉皇庙村,所属乡镇,张山营镇
韩郝庄,所属乡镇,张山营镇
东桑园村,所属乡镇,大榆树镇
上花园村,所属乡镇,沈家营镇
西王化营村,所属乡镇,沈家营镇
宗胜,任总兵时间,正统
吴德,任总兵时间,天顺
赵胜,任总兵时间,成化
刘清,任总兵时间,成化
孙杰,任总兵时间,正统
李铭,任总兵时间,成化
刘福,任总兵时间,弘治
蒋骥,任总兵时间,弘治
阮兴,任总兵时间,弘治
王铭,任总兵时间,弘治
温和,任总兵时间,正德
吴玉,任总兵时间,正德
冯澄,任总兵时间,正德
陈鏸,任总兵时间,正德
戴钦,任总兵时间,正德
马永,任总兵时间,嘉靖
杨慎,任总兵时间,嘉靖
卜云,任总兵时间,嘉靖
刘渊,任总兵时间,嘉靖
萧升,任总兵时间,嘉靖
祝雄,任总兵时间,嘉靖
戴廉,任总兵时间,嘉靖
周徹,任总兵时间,嘉靖
罗希韩,任总兵时间,嘉靖
李凤鸣,任总兵时间,嘉靖
成勋,任总兵时间,嘉靖
周益昌,任总兵时间,嘉靖
欧阳安,任总兵时间,嘉靖
李广,任总兵时间,嘉靖
张承勋,任总兵时间,嘉靖
胡镇,任总兵时间,嘉靖
王孟夏,任总兵时间,嘉靖
孙膑,任总兵时间,嘉靖
李世忠,任总兵时间,隆庆
郭琥,任总兵时间,隆庆
张臣,任总兵时间,万历
董一元,任总兵时间,万历
张邦奇,任总兵时间,万历
王保,任总兵时间,万历
尤继先,任总兵时间,万历
倪尚忠,任总兵时间,万历
杜松,任总兵时间,万历
马栋,任总兵时间,万历
王国栋,任总兵时间,万历
萧如薰,任总兵时间,万历
张国柱,任总兵时间,万历
张承荫,任总兵时间,万历
李怀信,任总兵时间,万历
朱国良,任总兵时间,万历
刘渠,任总兵时间,万历
王威,任总兵时间,万历
许世臣,任总兵时间,万历
杨茂春,任总兵时间,万历
孙祖寿,任总兵时间,天启
马世龙,任总兵时间,天启
尤世威,任总兵时间,天启
朱国彦,任总兵时间,崇祯
杨肇基,任总兵时间,崇祯
杨国振,任总兵时间,崇祯
王维城,任总兵时间,崇祯
杨嘉谟,任总兵时间,崇祯
张天礼,任总兵时间,崇祯
陈国威,任总兵时间,崇祯
吴国俊,任总兵时间,崇祯
白蛟,任总兵时间,崇祯
李居正,任总兵时间,崇祯
薛敏忠,任总兵时间,崇祯
唐通,任总兵时间,崇祯
孔希贵,任总兵时间,崇祯
陈志,任总兵时间,永乐
张信,任总兵时间,永乐
王彧,任总兵时间,宣德
冯宗,任总兵时间,成化
焦寿,任总兵时间,成化
胡镛,任总兵时间,景泰
沈煜,任总兵时间,天顺
马荣,任总兵时间,天顺
陈景先,任总兵时间,永乐
陈敬,任总兵时间,永乐
杨四畏,任总兵时间,万历
戚继光,任总兵时间,隆庆
孙杰,职位,伯爵
刘福,职位,伯爵
蒋骥,职位,候爵
陈鏸,职位,伯爵
陈志,职位,伯爵
张信,职位,候爵
焦寿,职位,伯爵
沈煜,职位,伯爵
宗胜,出生地,遵化卫
吴玉,出生地,遵化卫
刘渊,出生地,山海卫
萧升,出生地,抚宁卫
祝雄,出生地,山海卫
戴廉,出生地,蓟州卫
周徹,出生地,抚宁卫
罗希韩,出生地,平谷县
成勋,出生地,蓟州卫
孙祖寿,出生地,昌平
王彧,出生地,密云县
胡镛,出生地,永平卫
马荣,出生地,遵化卫
陈景先,出生地,东胜右卫
倒马关驿 ,所属路,倒马关
榆河驿,所属路,昌平
山海关驿,所在区县,山海关区
榆关驿,所在区县,抚宁县
滦河驿,所在区县,卢龙县
迁安驿,所在区县,迁安县
七家岭驿,所在区县,迁安县
滦阳驿,所在区县,迁西县
遵化驿,所在区县,遵化市
渔阳驿,所在区县,蓟县
卢峰口驿,所在区县,抚宁县
山海关驿,初置时间,洪武
榆关驿,初置时间,洪武
迁安驿,初置时间,洪武
阳樊驿,初置时间,嘉靖
渔阳驿,初置时间,天启
三河驿,初置时间,正德
潞河驿,初置时间,永乐
上阵驿 ,初置时间,洪武
金台驿,初置时间,洪武
泾阳驿,初置时间,嘉靖
倒马关驿 ,初置时间,洪武
密云驿,初置时间,洪武
榆河驿,初置时间,嘉靖
卢峰口驿,初置时间,洪武
山海路,西邻,石门路
石门路,西邻,台头路
台头路,西邻,燕河路
燕河路,西邻,太平路
太平路,西邻,喜峰口路
喜峰口路,西邻,松棚路
松棚路,西邻,马兰路
马兰路,西邻,墙子路
墙子路,西邻,曹家路
曹家路,西邻,古北路
古北路,西邻,石塘路
石门路,东临,山海路
台头路,东临,石门路
燕河路,东临,台头路
太平路,东临,燕河路
喜峰口路,东临,太平路
松棚路,东临,喜峰口路
马兰路,东临,松棚路
墙子路,东临,马兰路
曹家路,东临,墙子路
古北路,东临,曹家路
石塘路,东临,古北路
辽东镇,西邻,蓟镇
宣府镇,西邻,大同镇
大同镇,西邻,延绥镇
延绥镇,西邻,宁夏镇
宁夏镇,西邻,甘肃镇
甘肃镇,东临,固原镇
山西镇,西邻,延绥镇
固原镇,西邻,甘肃镇
蓟镇,西邻,宣府镇
昌镇,西邻,真保镇
真保镇,西邻,山西镇
宣府镇,东临,蓟镇
大同镇,东临,宣府镇
延绥镇,东临,固原镇
宁夏镇,东临,延绥镇
甘肃镇,东临,宁夏镇
山西镇,东临,真保镇
固原镇,东临,延绥镇
蓟镇,西邻,昌镇
昌镇,东临,蓟镇
真保镇,东临,昌镇
延绥镇,东临,大同镇
延绥镇,东临,山西镇
蓟镇,东临,辽东镇
