Id,Label
龙庆仓,龙庆仓
猪圈头仓,猪圈头仓
顺义仓,顺义仓
黄崖口仓,黄崖口仓
大安口仓,大安口仓
永盈仓,永盈仓
汉儿庄仓,汉儿庄仓
青山营仓,青山营仓
古北口仓,古北口仓
广丰仓,广丰仓
广有仓,广有仓
太平寨仓,太平寨仓
蓟州预备仓,蓟州预备仓
刘家口仓,刘家口仓
台头营仓,台头营仓
石门寨仓,石门寨仓
黄土岭仓,黄土岭仓
石匣仓,石匣仓
熊儿谷仓,熊儿谷仓
将军营仓,将军营仓
马兰谷仓,马兰谷仓
罗文谷仓,罗文谷仓
洪山口仓,洪山口仓
喜峰口仓,喜峰口仓
三屯营仓,三屯营仓
广储仓,广储仓
广积仓,广积仓
五重安仓,五重安仓
蓟州仓,蓟州仓
建昌营仓,建昌营仓
燕河营仓,燕河营仓
界岭口仓,界岭口仓
山海仓,山海仓
丰盈仓,丰盈仓
广盈仓,广盈仓
怀柔县,怀柔县
密云县,密云县
平谷县,平谷县
蓟县,蓟县
遵化市,遵化市
迁西县,迁西县
迁安县,迁安县
卢龙县,卢龙县
抚宁县,抚宁县
山海关区,山海关区
延庆,延庆
昌平,昌平
门头沟,门头沟
顺义,顺义
一片石,一片石
大毛山,大毛山
义院口,义院口
界岭口,界岭口
青山口下,青山口下
桃林口,桃林口
冷口,冷口
擦崖子,擦崖子
榆木岭,榆木岭
董家口,董家口
大喜峰口,大喜峰口
龙井儿,龙井儿
洪山口,洪山口
罗文峪,罗文峪
大安口下,大安口下
宽佃峪,宽佃峪
黄崖口,黄崖口
将军营,将军营
镇虔营,镇虔营
墙子岭,墙子岭
曹家寨,曹家寨
古北口,古北口
潮河川,潮河川
白马关,白马关
石塘岭,石塘岭
灰岭口,灰岭口
八达岭,八达岭
石峡峪,石峡峪
渤海口,渤海口
黄花镇,黄花镇
白羊口,白羊口
长城谷,长城谷
横岭口,横岭口
镇边城,镇边城
山海关,山海关
南海口关,南海口关
南水关,南水关
北水关,北水关
旱门关,旱门关
角山关,角山关
滥水关,滥水关
寺儿谷,寺儿谷
三道关,三道关
牛头海口营城堡,牛头海口营城堡
一片石关,一片石关
吾名口,吾名口
大青山关,大青山关
西阳口,西阳口
大安口,大安口
黄土岭关,黄土岭关
庙山口,庙山口
义院口关,义院口关
炕儿谷,炕儿谷
平顶谷堡,平顶谷堡
水门寺堡,水门寺堡
城子谷堡,城子谷堡
柳河卫堡,柳河卫堡
董家口堡,董家口堡
大毛山堡,大毛山堡
小毛山堡,小毛山堡
娃娃谷堡,娃娃谷堡
小河口堡,小河口堡
甘泉堡,甘泉堡
温泉堡,温泉堡
孤石谷堡,孤石谷堡
柳罐谷堡,柳罐谷堡
苇子谷堡,苇子谷堡
细谷口堡,细谷口堡
花场谷堡,花场谷堡
拿子谷堡,拿子谷堡
板场谷堡,板场谷堡
长谷口堡,长谷口堡
黄土岭营城堡,黄土岭营城堡
长谷驻操营城堡,长谷驻操营城堡
石门寨营城堡,石门寨营城堡
平山营城堡,平山营城堡
驸马寨营城堡,驸马寨营城堡
青山口,青山口
界岭口关,界岭口关
箭杆岭关,箭杆岭关
乾涧儿口,乾涧儿口
重峪口关,重峪口关
罗汉洞,罗汉洞
中桑堡,中桑堡
星星谷堡,星星谷堡
梧桐谷堡,梧桐谷堡
东胜寨,东胜寨
台头营城堡,台头营城堡
赤洋海口营城堡,赤洋海口营城堡
界岭口营城堡,界岭口营城堡
桃林口关,桃林口关
刘家口关,刘家口关
冷口关,冷口关
徐流口关,徐流口关
河流口关,河流口关
白道子关,白道子关
石门子口,石门子口
佛儿谷寨,佛儿谷寨
孤窑儿寨,孤窑儿寨
正水谷寨,正水谷寨
燕河营城堡,燕河营城堡
桃林营城堡,桃林营城堡
刘家营城堡,刘家营城堡
新桥海口营城堡,新桥海口营城堡
徐流营城堡,徐流营城堡
建昌营城堡,建昌营城堡
白羊峪关,白羊峪关
榆木岭关,榆木岭关
五重安关,五重安关
洪峪口关,洪峪口关
擦崖子关,擦崖子关
城子谷关,城子谷关
新开岭堡,新开岭堡
澜柴沟堡,澜柴沟堡
大岭寨,大岭寨
五重安营城堡,五重安营城堡
太平寨营城堡,太平寨营城堡
铁门关,铁门关
大喜峰口关,大喜峰口关
小喜峰口关,小喜峰口关
青山口关,青山口关
董家口关,董家口关
K乡口关,K乡口关
胜岭寨,胜岭寨
横山寨,横山寨
团亭寨,团亭寨
石梯子谷寨,石梯子谷寨
椴木谷寨,椴木谷寨
李家谷寨,李家谷寨
青山驻操营城堡,青山驻操营城堡
滦阳营城堡,滦阳营城堡
龙井儿关,龙井儿关
沙坡峪关,沙坡峪关
苏郎峪关,苏郎峪关
三台山关,三台山关
西常峪关,西常峪关
东常峪关,东常峪关
潘家口关,潘家口关
于家峪关,于家峪关
洪山口关,洪山口关
山寨峪关,山寨峪关
廖家峪关,廖家峪关
马蹄峪关,马蹄峪关
罗文峪关,罗文峪关
栋斯日,栋斯日
张家安寨,张家安寨
三道岭寨,三道岭寨
白枣谷寨,白枣谷寨
西安谷寨,西安谷寨
山口寨,山口寨
猫儿谷寨,猫儿谷寨
秋科谷寨,秋科谷寨
蔡家谷寨,蔡家谷寨
紊砉日,紊砉日
天胜寨,天胜寨
汉儿庄营城堡,汉儿庄营城堡
松棚谷营城堡,松棚谷营城堡
三屯营城堡,三屯营城堡
罗文谷营城堡,罗文谷营城堡
鲇鱼石关,鲇鱼石关
大安口关,大安口关
黄崖口关,黄崖口关
宽佃峪关,宽佃峪关
彰作里关,彰作里关
龙洞峪关,龙洞峪关
冷嘴头关,冷嘴头关
古强口关,古强口关
黄松谷关,黄松谷关
将军关,将军关
平山顶寨,平山顶寨
沙岭儿寨,沙岭儿寨
龙池寨,龙池寨
石崖岭寨,石崖岭寨
饿老婆顶寨,饿老婆顶寨
烽台岭寨,烽台岭寨
独松谷寨,独松谷寨
马兰谷寨,马兰谷寨
太平安寨,太平安寨
车道谷寨,车道谷寨
蚕椽谷寨,蚕椽谷寨
耻口谷寨,耻口谷寨
峨眉山寨,峨眉山寨
黑水湾寨,黑水湾寨
青山岭寨,青山岭寨
大安口营城堡,大安口营城堡
鲶鱼石营城堡,鲶鱼石营城堡
马兰谷营城堡,马兰谷营城堡
黄崖口营城堡,黄崖口营城堡
黄崖口驻操营城堡,黄崖口驻操营城堡
将军石营城堡,将军石营城堡
峨眉山营城堡,峨眉山营城堡
灰峪口,灰峪口
北水峪关,北水峪关
南水峪关,南水峪关
大黄崖关,大黄崖关
小黄崖关,小黄崖关
黄门口关,黄门口关
墙子岭关,墙子岭关
熊儿谷寨,熊儿谷寨
鱼子山寨,鱼子山寨
磨刀谷寨,磨刀谷寨
南谷寨,南谷寨
熊儿谷营城堡,熊儿谷营城堡
镇虏营城堡,镇虏营城堡
墙子岭营城堡,墙子岭营城堡
汉儿岭关,汉儿岭关
将军台,将军台
柏岭安寨,柏岭安寨
齐头崖寨,齐头崖寨
梧桐安寨,梧桐安寨
扒头崖寨,扒头崖寨
师姑谷寨,师姑谷寨
倒班岭寨,倒班岭寨
大角谷寨,大角谷寨
水谷寨,水谷寨
黑谷寨,黑谷寨
烽火谷寨,烽火谷寨
烧香谷寨,烧香谷寨
恶谷寨,恶谷寨
南峪寨,南峪寨
遥桥谷寨,遥桥谷寨
大虫谷寨,大虫谷寨
大水D寨,大水D寨
苏家谷寨,苏家谷寨
姜毛谷寨,姜毛谷寨
石塘谷寨,石塘谷寨
小台儿寨,小台儿寨
曹家寨营城堡,曹家寨营城堡
吉家庄营城堡,吉家庄营城堡
古北口关,古北口关
龙王峪关,龙王峪关
潮河川关,潮河川关
砖垛子关,砖垛子关
师坡谷,师坡谷
沙岭儿口寨,沙岭儿口寨
丫鬟山寨,丫鬟山寨
司马台寨,司马台寨
鸦鹘安寨,鸦鹘安寨
R家安寨,R家安寨
T房谷寨,T房谷寨
陡道谷寨,陡道谷寨
吊马谷寨,吊马谷寨
潮河第七寨,潮河第七寨
潮河第六寨,潮河第六寨
潮河第五寨,潮河第五寨
潮河第一寨,潮河第一寨
司马台营城堡,司马台营城堡
古北口营城堡,古北口营城堡
潮河川旧营城堡,潮河川旧营城堡
潮河川新营城堡,潮河川新营城堡
石匣营城堡,石匣营城堡
白马关口,白马关口
营城岭关,营城岭关
冯家峪关,冯家峪关
白崖峪关,白崖峪关
响水峪关,响水峪关
左二关,左二关
西驼骨关,西驼骨关
东驼骨关,东驼骨关
陈家峪关,陈家峪关
亓连口关,亓连口关
神堂峪关,神堂峪关
河防口关,河防口关
大水峪关,大水峪关
白道峪关,白道峪关
小水峪关,小水峪关
牛盆峪关,牛盆峪关
东水峪关,东水峪关
西石城关,西石城关
东石城关,东石城关
石塘岭关,石塘岭关
划车岭寨,划车岭寨
大良谷寨,大良谷寨
白马关营城堡,白马关营城堡
石塘岭营城堡,石塘岭营城堡
大水谷旧营城堡,大水谷旧营城堡
大水谷新营城堡,大水谷新营城堡
都指挥使司,都指挥使司
粮储户部分司,粮储户部分司
主事,主事
通判,通判
兵备按察分司,兵备按察分司
驿使,驿使
镇朔将军,镇朔将军
公爵,公爵
候爵,候爵
伯爵,伯爵
子爵,子爵
男爵,男爵
同知,同知
大学士,大学士
右少卿,右少卿
侍郎,侍郎
丞相,丞相
知州,知州
都指挥佥书,都指挥佥书
副都御史,副都御史
左少监,左少监
参议,参议
六部郎中,六部郎中
镇守太监,镇守太监
少监,少监
监丞,监丞
奉御,奉御
内使,内使
长史,长史
国子监祭酒,国子监祭酒
参政,参政
塞王,塞王
大理寺卿,大理寺卿
布政使,布政使
尚衣监,尚衣监
督师,督师
巡关御史,巡关御史
枢辅,枢辅
太守,太守
制府,制府
经略,经略
佥都御史,佥都御史
给事中,给事中
兵部尚书,兵部尚书
指挥佥事,指挥佥事
都御史,都御史
知县,知县
通州参将,通州参将
山海路参将,山海路参将
石门路参将,石门路参将
燕河路参将,燕河路参将
太平路参将,太平路参将
喜峰口参将,喜峰口参将
马兰路参将,马兰路参将
墙子路参将,墙子路参将
古北路参将,古北路参将
石塘路参将,石塘路参将
密云左营游击,密云左营游击
密云右营游击,密云右营游击
密云振武营游击,密云振武营游击
密云辎重营游击,密云辎重营游击
镇虏营游击,镇虏营游击
遵化左营游击,遵化左营游击
遵化右营游击,遵化右营游击
遵化辎重营游击,遵化辎重营游击
三屯营左营游击,三屯营左营游击
三屯右营游击,三屯右营游击
三屯营辎重营游击,三屯营辎重营游击
保河车营游击,保河车营游击
台头路游击,台头路游击
曹家路游击,曹家路游击
松棚路游击,松棚路游击
密云永胜营坐营,密云永胜营坐营
漕运把总,漕运把总
密云守备,密云守备
三河守备,三河守备
蓟州守备,蓟州守备
遵化守备,遵化守备
三屯守备,三屯守备
永平守备,永平守备
黄崖口守备,黄崖口守备
大毛山提调,大毛山提调
义院口提调,义院口提调
冷口提调,冷口提调
桃林口提调,桃林口提调
青山口提调,青山口提调
界岭口提调,界岭口提调
擦崖子提调,擦崖子提调
榆木岭提调,榆木岭提调
李家口提调,李家口提调
董家口提调,董家口提调
龙井儿提调,龙井儿提调
洪山口提调,洪山口提调
罗文谷提调,罗文谷提调
大安口提调,大安口提调
宽佃谷提调,宽佃谷提调
黄崖口提调,黄崖口提调
将军营提调,将军营提调
镇虏营提调,镇虏营提调
墙子岭提调,墙子岭提调
曹家寨提调,曹家寨提调
吉家庄提调,吉家庄提调
古北口提调,古北口提调
潮河川提调,潮河川提调
白马关提调,白马关提调
石塘岭提调,石塘岭提调
努尔哈赤,努尔哈赤
玄烨,玄烨
胤G,胤G
弘历,弘历
奕},奕}
载,载
朱元璋,朱元璋
朱允,朱允
朱棣,朱棣
朱高炽,朱高炽
朱瞻基,朱瞻基
朱祁镇,朱祁镇
朱祁钰,朱祁钰
朱见深,朱见深
朱v樘,朱v樘
朱厚照,朱厚照
朱厚,朱厚
朱载j,朱载j
朱翊钧,朱翊钧
朱常洛,朱常洛
朱由校,朱由校
朱由检,朱由检
朱由崧,朱由崧
总督,总督
总兵官,总兵官
副总兵,副总兵
参将,参将
守备,守备
百户,百户
千户,千户
总旗,总旗
小旗,小旗
巡抚,巡抚
兵备官,兵备官
游击将军,游击将军
提调,提调
卫指挥使司,卫指挥使司
经历,经历
知事,知事
镇抚司,镇抚司
永平道,永平道
蓟州道,蓟州道
密云道,密云道
山海路,山海路
石门路,石门路
台头路,台头路
燕河路,燕河路
太平路,太平路
喜峰口路,喜峰口路
松棚路,松棚路
马兰路,马兰路
墙子路,墙子路
曹家路,曹家路
古北路,古北路
石塘路,石塘路
居庸路,居庸路
黄花路,黄花路
横岭路,横岭路
紫荆关,紫荆关
倒马关,倒马关
龙泉关,龙泉关
山海关驿,山海关驿
榆关驿,榆关驿
滦河驿,滦河驿
迁安驿,迁安驿
七家岭驿,七家岭驿
滦阳驿,滦阳驿
义丰驿,义丰驿
遵化驿,遵化驿
阳樊驿,阳樊驿
渔阳驿,渔阳驿
三河驿,三河驿
潞河驿,潞河驿
涿鹿驿,涿鹿驿
上阵驿 ,上阵驿 
金台驿,金台驿
泾阳驿,泾阳驿
永定驿,永定驿
陉山驿,陉山驿
倒马关驿,倒马关驿
密云驿,密云驿
顺义驿,顺义驿
榆河驿,榆河驿
卢峰口驿,卢峰口驿
汾水驿,汾水驿
毕恭,毕恭
常遇春,常遇春
陈英,陈英
仇鸾,仇鸾
戴金,戴金
丁汝夔,丁汝夔
方逢时,方逢时
冯胜,冯胜
傅友德,傅友德
高拱,高拱
耿炳文,耿炳文
顾炎武,顾炎武
顾祖禹,顾祖禹
郭亮,郭亮
郭英,郭英
郭造卿,郭造卿
韩斌,韩斌
何栋,何栋
洪钟,洪钟
华云龙,华云龙
蓝玉,蓝玉
李成梁,李成梁
李景隆,李景隆
李如柏,李如柏
李文忠,李文忠
刘效祖,刘效祖
刘应节,刘应节
茅元仪,茅元仪
沐英,沐英
聂豹,聂豹
戚继光,戚继光
沈应文,沈应文
石亨,石亨
宋琬,宋琬
孙承宗,孙承宗
孙继先,孙继先
谭广,谭广
汪f,汪f
王崇古,王崇古
王士翘,王士翘
王象恒,王象恒
王振,王振
魏焕,魏焕
吴时来,吴时来
吴惟忠,吴惟忠
谢杰,谢杰
熊廷弼,熊廷弼
徐达,徐达
许论,许论
薛禄,薛禄
严嵩,严嵩
杨镐,杨镐
杨时宁,杨时宁
杨四畏,杨四畏
杨嗣昌,杨嗣昌
杨兆,杨兆
殷士儋,殷士儋
于谦,于谦
张鼎思,张鼎思
张居正,张居正
张廷玉,张廷玉
郑亨,郑亨
朱纯,朱纯
朱升,朱升
邹储贤,邹储贤
邹来学,邹来学
王抒,王抒
谭纶,谭纶
柏峪村,柏峪村
黄岭西村,黄岭西村
碣石村,碣石村
洪水口村,洪水口村
江水河村,江水河村
天龙潭村,天龙潭村
羊台子民俗村,羊台子民俗村
花塔村,花塔村
将军关村,将军关村
红石门村,红石门村
雕窝村,雕窝村
梨树沟村,梨树沟村
塔洼村,塔洼村
大东沟村,大东沟村
太后村,太后村
东四道岭村,东四道岭村
玻璃台村,玻璃台村
张家台村,张家台村
庄户村,庄户村
苇店民俗村,苇店民俗村
三岔村,三岔村
官地村,官地村
莲花池村,莲花池村
石片村,石片村
花园村,花园村
河东村,河东村
河西村,河西村
东沟村,东沟村
石佛寺村,石佛寺村
东小河屯村,东小河屯村
山海卫,山海卫
抚宁卫,抚宁卫
永平卫,永平卫
东胜左卫,东胜左卫
卢龙卫,卢龙卫
兴州右屯卫,兴州右屯卫
开平中屯卫,开平中屯卫
遵化卫,遵化卫
忠义中卫,忠义中卫
宽河守御千户所,宽河守御千户所
东胜右卫,东胜右卫
兴州前屯卫,兴州前屯卫
兴州左屯卫,兴州左屯卫
蓟州卫,蓟州卫
镇朔卫,镇朔卫
营州右屯卫,营州右屯卫
密云后卫,密云后卫
营州中屯卫,营州中屯卫
营州后屯卫,营州后屯卫
兴州后屯卫,兴州后屯卫
营州前屯卫,营州前屯卫
梁城守御千户所,梁城守御千户所
密云中卫,密云中卫
神武中卫,神武中卫
定边卫,定边卫
通州卫,通州卫
通州左卫,通州左卫
通州右卫,通州右卫
武清卫,武清卫
营州左屯卫,营州左屯卫
渤海守御千户所,渤海守御千户所
延庆卫,延庆卫
兴州中屯卫,兴州中屯卫
涿鹿卫,涿鹿卫
涿鹿左卫,涿鹿左卫
涿鹿中卫,涿鹿中卫
镇边城守御千户所,镇边城守御千户所
白羊口千户所,白羊口千户所
潮河千户所,潮河千户所
古北口守御千户所,古北口守御千户所
靖难之役,靖难之役
庚戌之变,庚戌之变
土木之变,土木之变
隆庆和议,隆庆和议
萨尔浒之战,萨尔浒之战
调北征南,调北征南
金辽战争,金辽战争
京师保卫战,京师保卫战
潘家口之战,潘家口之战
洪山口之战,洪山口之战
昌平之战,昌平之战
清河城之战,清河城之战
古北口抗战,古北口抗战
油松,油松
胡枝子,胡枝子
小叶鼠李,小叶鼠李
榛,榛
刺五加,刺五加
野大豆,野大豆
紫椴,紫椴
黄檗,黄檗
胡桃楸,胡桃楸
板栗,板栗
栓皮栎,栓皮栎
玉竹,玉竹
穿山龙,穿山龙
山杨,山杨
白莲蒿,白莲蒿
枣,枣
荆条,荆条
野鸢尾,野鸢尾
茜草,茜草
国槐,国槐
黄栌,黄栌
桑,桑
山葡萄,山葡萄
白桦,白桦
毛樱桃,毛樱桃
山丁子,山丁子
槲寄生,槲寄生
野韭,野韭
车前,车前
苦菜,苦菜
灰菜,灰菜
草麻黄,草麻黄
华北落叶松,华北落叶松
山杏,山杏
山楂,山楂
巴天酸模,巴天酸模
鹅绒委陵菜,鹅绒委陵菜
三裂叶绣线菊,三裂叶绣线菊
旱柳,旱柳
榆树,榆树
草,草
野古草,野古草
萝,萝
苍耳,苍耳
卷柏,卷柏
石沙参,石沙参
祁州漏芦,祁州漏芦
北柴胡,北柴胡
草乌,草乌
钝叶瓦松,钝叶瓦松
太平花,太平花
大花溲疏,大花溲疏
矮紫苞鸢尾,矮紫苞鸢尾
河蒴荛花,河蒴荛花
雀儿舌头,雀儿舌头
黄花蒿,黄花蒿
飞廉,飞廉
榆叶梅,榆叶梅
华北绣线菊,华北绣线菊
达乌里胡枝子,达乌里胡枝子
糙叶黄耆,糙叶黄耆
蒙古栎,蒙古栎
地肤,地肤
黄背草,黄背草
画眉草,画眉草
大油芒,大油芒
披针叶苔草,披针叶苔草
镇朔将军印,镇朔将军印
佛郎机,佛郎机
快枪,快枪
神枢车,神枢车
西瓜纸炮,西瓜纸炮
火镰石,火镰石
号炮,号炮
火器,火器
拒马器,拒马器
长枪,长枪
^筅,^筅
龙刀枪,龙刀枪
火钻,火钻
火箭,火箭
铁炮,铁炮
火铳,火铳
四眼铳,四眼铳
三眼铳,三眼铳
鸟铳,鸟铳
铳棍,铳棍
铁将军炮,铁将军炮
腰刀,腰刀
捣马突枪,捣马突枪
斩马刀,斩马刀
连枷棍,连枷棍
骨朵,骨朵
连子铳,连子铳
牛腿小炮,牛腿小炮
火炮,火炮
镞形枪,镞形枪
笔形枪,笔形枪
钩形枪,钩形枪
箭形枪,箭形枪
先秦,先秦
秦朝,秦朝
汉朝,汉朝
三国,三国
西晋,西晋
东晋,东晋
南北朝,南北朝
隋朝,隋朝
唐朝,唐朝
五朝十国,五朝十国
宋朝,宋朝
辽,辽
元朝,元朝
明朝,明朝
洪武,洪武
建文,建文
永乐,永乐
洪熙,洪熙
宣德,宣德
正统,正统
景泰,景泰
天顺,天顺
成化,成化
弘治,弘治
正德,正德
嘉靖,嘉靖
隆庆,隆庆
万历,万历
泰昌,泰昌
天启,天启
崇祯,崇祯
弘光,弘光
后金,后金
清朝,清朝
康熙,康熙
雍正,雍正
乾隆,乾隆
咸丰,咸丰
光绪,光绪
鞑靼,鞑靼
瓦剌,瓦剌
契丹,契丹
女真,女真
斋堂镇,斋堂镇
雁翅镇,雁翅镇
妙峰山镇,妙峰山镇
清水镇,清水镇
谭柘寺镇,谭柘寺镇
王平镇,王平镇
长陵镇,长陵镇
兴寿镇,兴寿镇
小汤山镇,小汤山镇
流村镇,流村镇
崔村镇,崔村镇
北七家镇,北七家镇
南口镇,南口镇
金海湖镇,金海湖镇
黄松峪乡,黄松峪乡
大华山镇,大华山镇
熊尔寨乡,熊尔寨乡
山东庄镇,山东庄镇
王辛庄镇,王辛庄镇
镇罗营镇,镇罗营镇
南独河镇,南独河镇
大兴庄镇,大兴庄镇
刘家店镇,刘家店镇
怀柔镇,怀柔镇
宝山镇,宝山镇
汤河口镇,汤河口镇
怀北镇,怀北镇
琉璃庙镇,琉璃庙镇
渤海镇,渤海镇
桥梓镇,桥梓镇
九渡河镇,九渡河镇
喇叭沟门乡,喇叭沟门乡
雁栖镇,雁栖镇
长哨营满族乡,长哨营满族乡
石城镇,石城镇
新城子镇,新城子镇
古北口镇,古北口镇
北庄镇,北庄镇
巨各庄镇,巨各庄镇
太师屯镇,太师屯镇
溪翁庄镇,溪翁庄镇
西田各庄镇,西田各庄镇
大城子镇,大城子镇
不老屯镇,不老屯镇
千家店镇,千家店镇
八达岭镇,八达岭镇
延庆镇,延庆镇
大庄科乡,大庄科乡
珍珠泉乡,珍珠泉乡
永宁镇,永宁镇
旧县镇,旧县镇
井庄镇,井庄镇
四海镇,四海镇
张山营镇,张山营镇
大榆树镇,大榆树镇
沈家营镇,沈家营镇
爨底下村,爨底下村
向阳口村,向阳口村
火村,火村
马栏村,马栏村
高台村,高台村
岭角村,岭角村
涧沟村,涧沟村
炭厂村,炭厂村
黄土台村,黄土台村
水峪嘴村,水峪嘴村
八亩堰村,八亩堰村
黄安坨村,黄安坨村
西达么村,西达么村
张家铺村,张家铺村
赵家台村,赵家台村
平原村,平原村
东马各庄村,东马各庄村
韭园村,韭园村
麻峪房子民俗村,麻峪房子民俗村
黄泉寺村,黄泉寺村
下口村,下口村
碓臼峪村,碓臼峪村
东水峪村,东水峪村
康陵村,康陵村
德陵民俗村,德陵民俗村
大岭沟村,大岭沟村
百合村,百合村
西湖民俗村,西湖民俗村
花果山民俗村,花果山民俗村
湖门民俗村,湖门民俗村
酸枣岭村,酸枣岭村
长峪城村,长峪城村
菩萨鹿村,菩萨鹿村
瓦摇村,瓦摇村
漆园村,漆园村
北照台村,北照台村
香堂村,香堂村
郑各庄村,郑各庄村
居庸关村,居庸关村
白羊城民俗村,白羊城民俗村
真顺村,真顺村
黄草洼村,黄草洼村
海子村,海子村
韩庄村,韩庄村
黑水湾村,黑水湾村
郭家屯村,郭家屯村
鱼子山村,鱼子山村
苏子峪村,苏子峪村
挂甲峪村,挂甲峪村
泉水峪村,泉水峪村
东辛撞村,东辛撞村
老泉口村,老泉口村
北太平庄村,北太平庄村
井峪村,井峪村
北寨村,北寨村
淘金谷欢乐农家,淘金谷欢乐农家
东山下村,东山下村
行宫村,行宫村
前吉山村,前吉山村
北宅村,北宅村
新王峪村,新王峪村
上王峪村,上王峪村
卢庄村,卢庄村
甘涧峪村,甘涧峪村
超梁子村,超梁子村
东帽湾村,东帽湾村
西庄村,西庄村
大水峪村,大水峪村
椴树岭村,椴树岭村
河防口村,河防口村
后山铺村,后山铺村
八宝堂村,八宝堂村
西湾子村,西湾子村
青石岭村,青石岭村
六渡河村,六渡河村
慕田峪村,慕田峪村
北沟村,北沟村
田仙峪村,田仙峪村
西水峪村,西水峪村
杏树台村,杏树台村
石湖峪村,石湖峪村
孙栅子村,孙栅子村
苗营村,苗营村
中榆树店村,中榆树店村
神堂峪村,神堂峪村
七道梁正白旗村,七道梁正白旗村
石城村,石城村
石塘路村,石塘路村
贾峪村,贾峪村
张家坟村,张家坟村
捧河岩村,捧河岩村
水堡子村,水堡子村
黄土梁村,黄土梁村
遥桥峪村,遥桥峪村
曹家路村,曹家路村
司马台村,司马台村
苇子峪村,苇子峪村
南沟村,南沟村
达峪村,达峪村
双圣峪村,双圣峪村
龙潭沟村,龙潭沟村
走马庄口门子村,走马庄口门子村
石马峪民俗村,石马峪民俗村
黑山寺村,黑山寺村
牛盆峪村,牛盆峪村
大龙门村,大龙门村
史庄子村,史庄子村
河西村（秀水湾民俗度假村）,河西村（秀水湾民俗度假村）
长寿岭村,长寿岭村
古家窑村,古家窑村
下湾村,下湾村
里炮村（红苹果度假村）,里炮村（红苹果度假村）
岔道村,岔道村
石峡村,石峡村
下德龙湾村,下德龙湾村
卓家营村,卓家营村
水泉沟村（莲花缘度假村）,水泉沟村（莲花缘度假村）
香屯村,香屯村
汉家川河南村,汉家川河南村
珍珠泉村,珍珠泉村
水泉子村,水泉子村
小川村,小川村
上磨村,上磨村
盆窑村,盆窑村
古城村,古城村
柳沟村,柳沟村
南湾村,南湾村
西大庄科村,西大庄科村
玉皇庙村,玉皇庙村
韩郝庄,韩郝庄
东桑园村,东桑园村
上花园村,上花园村
西王化营村,西王化营村
《明长城蓟镇建置时间考辨》,《明长城蓟镇建置时间考辨》
《明蓟镇长城1981―1987年考古报告》序一,《明蓟镇长城1981―1987年考古报告》序一
《明蓟镇长城1981―1987年考古报告》,《明蓟镇长城1981―1987年考古报告》
《明代北京长城的历史沿革―以蓟镇长城为例》,《明代北京长城的历史沿革―以蓟镇长城为例》
《明蓟镇长城1981―1988年考古报告》序二,《明蓟镇长城1981―1988年考古报告》序二
《明蓟镇长城1981―1987年考古调查的主要收获》,《明蓟镇长城1981―1987年考古调查的主要收获》
《明长城蓟镇图考略》,《明长城蓟镇图考略》
《明蓟镇长城研究》,《明蓟镇长城研究》
《北京长城文化展示带构建研究》,《北京长城文化展示带构建研究》
《明蓟镇长城沿线关城聚落研究》,《明蓟镇长城沿线关城聚落研究》
《长城北京段风景区植被特征及植物多样性》,《长城北京段风景区植被特征及植物多样性》
《“大博物馆”建设:八达岭长城景区未来发展的新思路》,《“大博物馆”建设:八达岭长城景区未来发展的新思路》
《北京地区长城遥感调查》,《北京地区长城遥感调查》
《基于要素叠加的旅游景区经济影响域空间分异》以八达岭长城景区为例,《基于要素叠加的旅游景区经济影响域空间分异》以八达岭长城景区为例
《北京延庆地区明长城城堡的保护与利用》,《北京延庆地区明长城城堡的保护与利用》
《明长城居庸关防区军事聚落防御性研究》,《明长城居庸关防区军事聚落防御性研究》
《戚继光与蓟镇长城防务》,《戚继光与蓟镇长城防务》
《明代长城沿线的战争题材壁画》延庆永宁和平街明代火神庙战争题材壁画初探,《明代长城沿线的战争题材壁画》延庆永宁和平街明代火神庙战争题材壁画初探
《北京延庆遗产资源的保护与可持续发展研究》,《北京延庆遗产资源的保护与可持续发展研究》
《挖掘延庆传统文化资源提升延庆文化软实力》,《挖掘延庆传统文化资源提升延庆文化软实力》
《延庆传统文化资源的挖掘与利用》,《延庆传统文化资源的挖掘与利用》
《明长城蓟镇戍边屯堡时空分布研究》,《明长城蓟镇戍边屯堡时空分布研究》
《明长城“九边”重镇军事防御性聚落研究》,《明长城“九边”重镇军事防御性聚落研究》
《明长城蓟镇军事防御性聚落研究》,《明长城蓟镇军事防御性聚落研究》
《延庆地区传统堡寨型聚落形态及保护策略研究》,《延庆地区传统堡寨型聚落形态及保护策略研究》
《北京地区传统村落分布与特征研究》以北京延庆地区为例,《北京地区传统村落分布与特征研究》以北京延庆地区为例
《密云县治》,《密云县治》
《临榆县志》,《临榆县志》
《迁安县志》,《迁安县志》
《永平府志》,《永平府志》
《顺天府志》,《顺天府志》
《蓟州志》,《蓟州志》
《练兵杂纪》,《练兵杂纪》
《朔州志》,《朔州志》
《卢龙赛略》,《卢龙赛略》
《通州志》,《通州志》
《宣府镇志》,《宣府镇志》
《九边图考》,《九边图考》
《宣化县志》,《宣化县志》
《宣化府志》,《宣化府志》
《万全县志》,《万全县志》
《大同府志》,《大同府志》
《宁夏新志》,《宁夏新志》
《宁夏府志》,《宁夏府志》
《畿辅通志》,《畿辅通志》
《平谷县志》,《平谷县志》
《武备志》,《武备志》
《四镇三关志》,《四镇三关志》
《明实录》,《明实录》
《皇明九边考》,《皇明九边考》
《明史兵志》,《明史兵志》
《明史》,《明史》
《明长城蓟镇图》,《明长城蓟镇图》
《练兵实纪》,《练兵实纪》
《天下郡国利病书》,《天下郡国利病书》
《西关志》,《西关志》
《宣大山西三镇图说》,《宣大山西三镇图说》
《读史方舆纪要》,《读史方舆纪要》
《昌平山水记》,《昌平山水记》
《九边图说》,《九边图说》
《辽东志》,《辽东志》
《三云筹俎考》,《三云筹俎考》
辽东镇,辽东镇
宣府镇,宣府镇
大同镇,大同镇
延绥镇,延绥镇
宁夏镇,宁夏镇
甘肃镇,甘肃镇
山西镇,山西镇
固原镇,固原镇
蓟镇,蓟镇
昌镇,昌镇
真保镇,真保镇
黄松峪长城,黄松峪长城
红石门长城,红石门长城
将军关长城,将军关长城
四座楼风景区,四座楼风景区
司马台长城,司马台长城
蟠龙山长城,蟠龙山长城
古北口长城,古北口长城
卧虎山长城景区,卧虎山长城景区
云蒙山长城遗址公园,云蒙山长城遗址公园
五座楼森林公园,五座楼森林公园
白岭关长城风景区,白岭关长城风景区
白道峪风景旅游区,白道峪风景旅游区
桃源仙谷风景名胜区,桃源仙谷风景名胜区
天云山风景区,天云山风景区
慕田峪长城,慕田峪长城
青龙峡景区,青龙峡景区
黄花城水长城,黄花城水长城
神堂峪长城,神堂峪长城
摩崖石刻自然风景区,摩崖石刻自然风景区
鳞龙山自然风景区,鳞龙山自然风景区
箭扣长城,箭扣长城
响水湖长城风景区,响水湖长城风景区
河防口长城,河防口长城
八达岭残长城自然风景区,八达岭残长城自然风景区
八达岭水关长城,八达岭水关长城
八达岭长城,八达岭长城
石峡关残长城,石峡关残长城
九眼楼长城景区,九眼楼长城景区
百里山水画廊,百里山水画廊
北京结点山,北京结点山
龙泉峪长城,龙泉峪长城
居庸关长城景区,居庸关长城景区
黄楼洼,黄楼洼
灵山自然风景区,灵山自然风景区
山海关景区,山海关景区
角山长城,角山长城
老龙头,老龙头
黄崖关长城,黄崖关长城
界岭口城堡,界岭口城堡
青山关景区,青山关景区
金山岭长城,金山岭长城
九门口长城,九门口长城
城墙,城墙
空心敌台,空心敌台
墙台,墙台
烽火台,烽火台
关城,关城
寨堡,寨堡
镇城,镇城
路城,路城
卫城,卫城
所城,所城
堡城,堡城
炮墙,炮墙
传烽厂,传烽厂
战台,战台
便门,便门
实心敌台,实心敌台
敌楼,敌楼
女墙,女墙
垛口,垛口
碑刻,碑刻
九眼楼,九眼楼
墙帽,墙帽
瓮城,瓮城
马道,马道
边墙,边墙
箭楼,箭楼
角楼,角楼
亭候,亭候
屯堡,屯堡
千斤闸,千斤闸
壕堑,壕堑
附墙台,附墙台
宗胜,宗胜
吴德,吴德
赵胜,赵胜
刘清,刘清
孙杰,孙杰
李铭,李铭
刘福,刘福
蒋骥,蒋骥
阮兴,阮兴
王铭,王铭
温和,温和
吴玉,吴玉
冯澄,冯澄
陈i,陈i
戴钦,戴钦
马永,马永
杨慎,杨慎
卜云,卜云
刘渊,刘渊
萧升,萧升
祝雄,祝雄
戴廉,戴廉
周,周
罗希韩,罗希韩
李凤鸣,李凤鸣
成勋,成勋
周益昌,周益昌
欧阳安,欧阳安
李广,李广
张承勋,张承勋
胡镇,胡镇
王孟夏,王孟夏
孙膑,孙膑
李世忠,李世忠
郭琥,郭琥
张臣,张臣
董一元,董一元
张邦奇,张邦奇
王保,王保
尤继先,尤继先
倪尚忠,倪尚忠
杜松,杜松
马栋,马栋
王国栋,王国栋
萧如薰,萧如薰
张国柱,张国柱
张承荫,张承荫
李怀信,李怀信
朱国良,朱国良
刘渠,刘渠
王威,王威
许世臣,许世臣
杨茂春,杨茂春
孙祖寿,孙祖寿
马世龙,马世龙
尤世威,尤世威
朱国彦,朱国彦
杨肇基,杨肇基
杨国振,杨国振
王维城,王维城
杨嘉谟,杨嘉谟
张天礼,张天礼
陈国威,陈国威
吴国俊,吴国俊
白蛟,白蛟
李居正,李居正
薛敏忠,薛敏忠
唐通,唐通
孔希贵,孔希贵
陈志,陈志
张信,张信
王,王
冯宗,冯宗
焦寿,焦寿
胡镛,胡镛
沈煜,沈煜
马荣,马荣
陈景先,陈景先
陈敬,陈敬
