Source,Target,Type,Label
城墙,先秦,有向的,初置时间
空心敌台,隆庆,有向的,初置时间
墙台,明朝,有向的,初置时间
烽火台,先秦,有向的,初置时间
关城,明朝,有向的,初置时间
镇城,明朝,有向的,初置时间
路城,明朝,有向的,初置时间
卫城,洪武,有向的,初置时间
所城,明朝,有向的,初置时间
堡城,明朝,有向的,初置时间
炮墙,明朝,有向的,初置时间
传烽厂,明朝,有向的,初置时间
战台,明朝,有向的,初置时间
实心敌台,明朝,有向的,初置时间
九眼楼,明朝,有向的,初置时间
瓮城,汉朝,有向的,初置时间
边墙,明朝,有向的,初置时间
箭楼,正统,有向的,初置时间
角楼,先秦,有向的,初置时间
屯堡,洪武,有向的,初置时间
千斤闸,正统,有向的,初置时间
黄松峪长城,平谷县,有向的,所在区县
红石门长城,平谷县,有向的,所在区县
将军关长城,平谷县,有向的,所在区县
四座楼风景区,平谷县,有向的,所在区县
司马台长城,密云县,有向的,所在区县
蟠龙山长城,密云县,有向的,所在区县
古北口长城,密云县,有向的,所在区县
卧虎山长城景区,密云县,有向的,所在区县
云蒙山长城遗址公园,密云县,有向的,所在区县
五座楼森林公园,密云县,有向的,所在区县
白岭关长城风景区,密云县,有向的,所在区县
白道峪风景旅游区,密云县,有向的,所在区县
桃源仙谷风景名胜区,密云县,有向的,所在区县
天云山风景区,密云县,有向的,所在区县
慕田峪长城,怀柔县,有向的,所在区县
青龙峡景区,怀柔县,有向的,所在区县
黄花城水长城,怀柔县,有向的,所在区县
神堂峪长城,怀柔县,有向的,所在区县
摩崖石刻自然风景区,怀柔县,有向的,所在区县
鳞龙山自然风景区,怀柔县,有向的,所在区县
箭扣长城,怀柔县,有向的,所在区县
响水湖长城风景区,怀柔县,有向的,所在区县
河防口长城,怀柔县,有向的,所在区县
八达岭残长城自然风景区,延庆,有向的,所在区县
八达岭水关长城,延庆,有向的,所在区县
八达岭长城,延庆,有向的,所在区县
石峡关残长城,延庆,有向的,所在区县
九眼楼长城景区,延庆,有向的,所在区县
百里山水画廊,延庆,有向的,所在区县
北京结点山,延庆,有向的,所在区县
龙泉峪长城,延庆,有向的,所在区县
居庸关长城景区,昌平,有向的,所在区县
黄楼洼,昌平,有向的,所在区县
灵山自然风景区,门头沟,有向的,所在区县
山海关景区,山海关区,有向的,所在区县
角山长城,山海关区,有向的,所在区县
老龙头,山海关区,有向的,所在区县
黄崖关长城,蓟县,有向的,所在区县
界岭口城堡,抚宁县,有向的,所在区县
青山关景区,迁西县,有向的,所在区县
九门口长城,山海关区,有向的,所在区县
黄松峪长城,桑,有向的,野生植物
黄松峪长城,山楂,有向的,野生植物
黄松峪长城,油松,有向的,野生植物
黄松峪长城,荆条,有向的,野生植物
红石门长城,荆条,有向的,野生植物
红石门长城,紫椴,有向的,野生植物
司马台长城,荆条,有向的,野生植物
司马台长城,紫椴,有向的,野生植物
司马台长城,蒙古栎,有向的,野生植物
司马台长城,胡桃楸,有向的,野生植物
司马台长城,油松,有向的,野生植物
古北口长城,板栗,有向的,野生植物
慕田峪长城,荆条,有向的,野生植物
慕田峪长城,紫椴,有向的,野生植物
慕田峪长城,蒙古栎,有向的,野生植物
慕田峪长城,胡桃楸,有向的,野生植物
慕田峪长城,油松,有向的,野生植物
黄花城水长城,板栗,有向的,野生植物
神堂峪长城,毛樱桃,有向的,野生植物
神堂峪长城,山葡萄,有向的,野生植物
神堂峪长城,榛,有向的,野生植物
神堂峪长城,油松,有向的,野生植物
神堂峪长城,板栗,有向的,野生植物
神堂峪长城,桑,有向的,野生植物
八达岭长城,荆条,有向的,野生植物
八达岭长城,紫椴,有向的,野生植物
八达岭长城,蒙古栎,有向的,野生植物
八达岭长城,胡桃楸,有向的,野生植物
八达岭长城,油松,有向的,野生植物
石峡关残长城,山杏,有向的,野生植物
石峡关残长城,荆条,有向的,野生植物
司马台长城,刘应节,有向的,修建人
司马台长城,谭纶,有向的,修建人
司马台长城,戚继光,有向的,修建人
慕田峪长城,徐达,有向的,修建人
八达岭水关长城,戚继光,有向的,修建人
老龙头,戚继光,有向的,修建人
黄崖关长城,戚继光,有向的,修建人
金山岭长城,戚继光,有向的,修建人
《永平府志》,宋琬,有向的,作者
《顺天府志》,谢杰,有向的,作者
《练兵杂纪》,戚继光,有向的,作者
《卢龙赛略》,郭造卿,有向的,作者
《九边图考》,许论,有向的,作者
《武备志》,茅元仪,有向的,作者
《四镇三关志》,刘效祖,有向的,作者
《皇明九边考》,魏焕,有向的,作者
《明史》,张廷玉,有向的,作者
《练兵实纪》,戚继光,有向的,作者
《天下郡国利病书》,顾炎武,有向的,作者
《西关志》,王士翘,有向的,作者
《宣大山西三镇图说》,杨时宁,有向的,作者
《读史方舆纪要》,顾祖禹,有向的,作者
《昌平山水记》,顾炎武,有向的,作者
《辽东志》,毕恭,有向的,作者
《顺天府志》,沈应文,有向的,作者
《永平府志》,光绪,有向的,成书朝代
《顺天府志》,万历,有向的,成书朝代
《蓟州志》,清朝,有向的,成书朝代
《练兵杂纪》,隆庆,有向的,成书朝代
《朔州志》,雍正,有向的,成书朝代
《卢龙赛略》,明朝,有向的,成书朝代
《通州志》,嘉靖,有向的,成书朝代
《宣府镇志》,清朝,有向的,成书朝代
《九边图考》,隆庆,有向的,成书朝代
《宣化县志》,乾隆,有向的,成书朝代
《宣化府志》,乾隆,有向的,成书朝代
《万全县志》,清朝,有向的,成书朝代
《大同府志》,乾隆,有向的,成书朝代
《宁夏新志》,弘治,有向的,成书朝代
《宁夏府志》,乾隆,有向的,成书朝代
《畿辅通志》,清朝,有向的,成书朝代
《平谷县志》,雍正,有向的,成书朝代
《武备志》,天启,有向的,成书朝代
《四镇三关志》,万历,有向的,成书朝代
《明实录》,明朝,有向的,成书朝代
《皇明九边考》,嘉靖,有向的,成书朝代
《明史兵志》,明朝,有向的,成书朝代
《明史》,清朝,有向的,成书朝代
《明长城蓟镇图》,明朝,有向的,成书朝代
《练兵实纪》,隆庆,有向的,成书朝代
《天下郡国利病书》,清朝,有向的,成书朝代
《西关志》,嘉靖,有向的,成书朝代
《宣大山西三镇图说》,万历,有向的,成书朝代
《读史方舆纪要》,康熙,有向的,成书朝代
《昌平山水记》,清朝,有向的,成书朝代
《九边图说》,隆庆,有向的,成书朝代
《辽东志》,正统,有向的,成书朝代
《三云筹俎考》,万历,有向的,成书朝代
毕恭,指挥佥事,有向的,职位
常遇春,公爵,有向的,职位
仇鸾,候爵,有向的,职位
戴金,兵部尚书,有向的,职位
冯胜,公爵,有向的,职位
傅友德,公爵,有向的,职位
耿炳文,候爵,有向的,职位
郭亮,候爵,有向的,职位
郭英,候爵,有向的,职位
华云龙,候爵,有向的,职位
蓝玉,候爵,有向的,职位
李成梁,伯爵,有向的,职位
李景隆,公爵,有向的,职位
刘效祖,伯爵,有向的,职位
谭纶,兵部尚书,有向的,职位
沐英,候爵,有向的,职位
茅元仪,副总兵,有向的,职位
聂豹,兵部尚书,有向的,职位
石亨,公爵,有向的,职位
孙承宗,兵部尚书,有向的,职位
谭广,伯爵,有向的,职位
高拱,大学士,有向的,职位
韩斌,副总兵,有向的,职位
何栋,都御史,有向的,职位
李如柏,总兵官,有向的,职位
刘应节,都御史,有向的,职位
沈应文,侍郎,有向的,职位
宋琬,参政,有向的,职位
汪f,兵部尚书,有向的,职位
王崇古,兵部尚书,有向的,职位
王士翘,佥都御史,有向的,职位
吴时来,都御史,有向的,职位
吴惟忠,指挥佥事,有向的,职位
熊廷弼,经略,有向的,职位
许论,兵部尚书,有向的,职位
徐达,公爵,有向的,职位
徐达,丞相,有向的,职位
杨镐,经略,有向的,职位
杨时宁,知县,有向的,职位
杨嗣昌,兵部尚书,有向的,职位
杨兆,总督,有向的,职位
殷士儋,大学士,有向的,职位
于谦,兵部尚书,有向的,职位
张鼎思,给事中,有向的,职位
张居正,大学士,有向的,职位
张廷玉,大学士,有向的,职位
郑亨,候爵,有向的,职位
朱纯,给事中,有向的,职位
朱升,大学士,有向的,职位
邹来学,都御史,有向的,职位
王抒,都御史,有向的,职位
玄烨,胤G,有向的,儿子
胤G,玄烨,有向的,父亲
弘历,胤G,有向的,父亲
朱元璋,朱允,有向的,孙子
朱允,朱元璋,有向的,祖父
朱棣,朱元璋,有向的,父亲
朱高炽,朱棣,有向的,父亲
朱瞻基,朱高炽,有向的,父亲
朱祁镇,朱瞻基,有向的,父亲
朱祁钰,朱瞻基,有向的,父亲
朱见深,朱祁镇,有向的,父亲
朱v樘,朱见深,有向的,父亲
朱厚照,朱v樘,有向的,父亲
朱厚,朱见深,有向的,父亲
朱载j,朱厚,有向的,父亲
朱翊钧,朱载j,有向的,父亲
朱常洛,朱翊钧,有向的,父亲
朱由校,朱常洛,有向的,父亲
朱由检,朱常洛,有向的,父亲
朱由崧,朱翊钧,有向的,祖父
胤G,弘历,有向的,儿子
朱元璋,朱棣,有向的,儿子
朱允,朱棣,有向的,叔伯
朱棣,朱高炽,有向的,儿子
朱高炽,朱瞻基,有向的,儿子
朱瞻基,朱祁镇,有向的,儿子
朱祁镇,朱祁钰,有向的,兄弟
朱祁钰,朱祁镇,有向的,兄弟
朱见深,朱祁钰,有向的,叔伯
朱v樘,朱厚照,有向的,儿子
朱厚照,朱厚,有向的,兄弟
朱厚,朱厚照,有向的,兄弟
朱载j,朱厚照,有向的,叔伯
朱翊钧,朱常洛,有向的,儿子
朱常洛,朱由校,有向的,儿子
朱由校,朱由检,有向的,兄弟
朱由检,朱由校,有向的,兄弟
朱棣,朱瞻基,有向的,孙子
朱瞻基,朱祁钰,有向的,儿子
朱v樘,朱厚,有向的,儿子
朱厚,朱载j,有向的,儿子
朱载j,朱翊钧,有向的,儿子
靖难之役,建文,有向的,发生时代
庚戌之变,嘉靖,有向的,发生时代
土木之变,正统,有向的,发生时代
隆庆和议,隆庆,有向的,发生时代
萨尔浒之战,万历,有向的,发生时代
调北征南,洪武,有向的,发生时代
金辽战争,辽,有向的,发生时代
京师保卫战,正统,有向的,发生时代
潘家口之战,嘉靖,有向的,发生时代
洪山口之战,崇祯,有向的,发生时代
昌平之战,崇祯,有向的,发生时代
清河城之战,万历,有向的,发生时代
靖难之役,朱允,有向的,主要参与者
靖难之役,朱棣,有向的,主要参与者
靖难之役,耿炳文,有向的,主要参与者
靖难之役,李景隆,有向的,主要参与者
庚戌之变,严嵩,有向的,主要参与者
庚戌之变,丁汝夔,有向的,主要参与者
庚戌之变,鞑靼,有向的,主要参与者
庚戌之变,仇鸾,有向的,主要参与者
土木之变,朱祁镇,有向的,主要参与者
土木之变,王振,有向的,主要参与者
土木之变,瓦剌,有向的,主要参与者
隆庆和议,鞑靼,有向的,主要参与者
隆庆和议,高拱,有向的,主要参与者
隆庆和议,张居正,有向的,主要参与者
隆庆和议,方逢时,有向的,主要参与者
隆庆和议,王崇古,有向的,主要参与者
萨尔浒之战,努尔哈赤,有向的,主要参与者
萨尔浒之战,杨镐,有向的,主要参与者
萨尔浒之战,李如柏,有向的,主要参与者
调北征南,朱元璋,有向的,主要参与者
调北征南,傅友德,有向的,主要参与者
调北征南,沐英,有向的,主要参与者
调北征南,蓝玉,有向的,主要参与者
金辽战争,女真,有向的,主要参与者
金辽战争,契丹,有向的,主要参与者
京师保卫战,于谦,有向的,主要参与者
京师保卫战,石亨,有向的,主要参与者
京师保卫战,瓦剌,有向的,主要参与者
京师保卫战,朱祁钰,有向的,主要参与者
京师保卫战,朱祁镇,有向的,主要参与者
潘家口之战,鞑靼,有向的,主要参与者
潘家口之战,王抒,有向的,主要参与者
洪山口之战,女真,有向的,主要参与者
昌平之战,女真,有向的,主要参与者
清河城之战,努尔哈赤,有向的,主要参与者
清河城之战,女真,有向的,主要参与者
清河城之战,邹储贤,有向的,主要参与者
清河城之战,杨镐,有向的,主要参与者
潘家口之战,义院口关,有向的,事件发生地
潘家口之战,冷口关,有向的,事件发生地
潘家口之战,潘家口关,有向的,事件发生地
洪山口之战,龙井儿关,有向的,事件发生地
洪山口之战,大安口关,有向的,事件发生地
洪山口之战,洪山口关,有向的,事件发生地
昌平之战,冷口关,有向的,事件发生地
清河城之战,三道关,有向的,事件发生地
古北口抗战,古北口,有向的,事件发生地
总督,嘉靖,有向的,初置时间
总兵官,明朝,有向的,初置时间
副总兵,明朝,有向的,初置时间
参将,明朝,有向的,初置时间
守备,明朝,有向的,初置时间
百总,明朝,有向的,初置时间
千总,嘉靖,有向的,初置时间
总旗,明朝,有向的,初置时间
小旗,明朝,有向的,初置时间
巡抚,宣德,有向的,初置时间
游击将军,汉朝,有向的,初置时间
提调,元朝,有向的,初置时间
卫指挥使司,洪武,有向的,初置时间
经历,明朝,有向的,初置时间
知事,宋朝,有向的,初置时间
镇抚司,洪武,有向的,初置时间
总兵官,总督,有向的,直系上司
副总兵,总兵官,有向的,直系上司
参将,总兵官,有向的,直系上司
守备,参将,有向的,直系上司
百总,千总,有向的,直系上司
千总,提调,有向的,直系上司
总旗,百总,有向的,直系上司
小旗,总旗,有向的,直系上司
巡抚,总督,有向的,直系上司
兵备官,巡抚,有向的,直系上司
游击将军,总兵官,有向的,直系上司
通州参将,嘉靖,有向的,初置时间
山海路参将,正德,有向的,初置时间
石门路参将,嘉靖,有向的,初置时间
燕河路参将,正统,有向的,初置时间
太平路参将,正德,有向的,初置时间
喜峰口参将,万历,有向的,初置时间
马兰路参将,正统,有向的,初置时间
墙子路参将,嘉靖,有向的,初置时间
古北路参将,嘉靖,有向的,初置时间
石塘路参将,嘉靖,有向的,初置时间
密云左营游击,嘉靖,有向的,初置时间
密云右营游击,嘉靖,有向的,初置时间
密云振武营游击,嘉靖,有向的,初置时间
密云辎重营游击,隆庆,有向的,初置时间
遵化左营游击,嘉靖,有向的,初置时间
遵化右营游击,嘉靖,有向的,初置时间
遵化辎重营游击,隆庆,有向的,初置时间
三屯营左营游击,嘉靖,有向的,初置时间
三屯右营游击,隆庆,有向的,初置时间
三屯营辎重营游击,隆庆,有向的,初置时间
保河车营游击,嘉靖,有向的,初置时间
台头路游击,隆庆,有向的,初置时间
曹家路游击,嘉靖,有向的,初置时间
松棚路游击,隆庆,有向的,初置时间
密云永胜营坐营,隆庆,有向的,初置时间
漕运把总,万历,有向的,初置时间
山海路参将,山海路,有向的,分守路
石门路参将,石门路,有向的,分守路
燕河路参将,燕河路,有向的,分守路
太平路参将,太平路,有向的,分守路
喜峰口参将,喜峰口路,有向的,分守路
马兰路参将,马兰路,有向的,分守路
墙子路参将,墙子路,有向的,分守路
古北路参将,古北路,有向的,分守路
石塘路参将,石塘路,有向的,分守路
密云左营游击,墙子路,有向的,专佚应援路
密云右营游击,墙子路,有向的,专佚应援路
密云振武营游击,墙子路,有向的,专佚应援路
密云辎重营游击,曹家路,有向的,专佚应援路
镇虏营游击,墙子路,有向的,专佚应援路
遵化左营游击,马兰路,有向的,专佚应援路
遵化右营游击,马兰路,有向的,专佚应援路
遵化辎重营游击,马兰路,有向的,专佚应援路
三屯营左营游击,喜峰口路,有向的,专佚应援路
三屯右营游击,松棚路,有向的,专佚应援路
三屯营辎重营游击,松棚路,有向的,专佚应援路
保河车营游击,松棚路,有向的,专佚应援路
台头路游击,台头路,有向的,专佚应援路
曹家路游击,曹家路,有向的,专佚应援路
松棚路游击,松棚路,有向的,专佚应援路
密云左营游击,古北路,有向的,专佚应援路
密云右营游击,古北路,有向的,专佚应援路
保河车营游击,太平路,有向的,专佚应援路
都指挥使司,洪武,有向的,初置时间
粮储户部分司,洪武,有向的,初置时间
主事,汉朝,有向的,初置时间
通判,宋朝,有向的,初置时间
兵备按察分司,洪武,有向的,初置时间
驿使,汉朝,有向的,初置时间
镇朔将军,南北朝,有向的,初置时间
公爵,先秦,有向的,初置时间
候爵,先秦,有向的,初置时间
伯爵,先秦,有向的,初置时间
子爵,先秦,有向的,初置时间
男爵,先秦,有向的,初置时间
同知,宋朝,有向的,初置时间
百总,明朝,有向的,初置时间
大学士,唐朝,有向的,初置时间
右少卿,明朝,有向的,初置时间
侍郎,汉朝,有向的,初置时间
丞相,秦朝,有向的,初置时间
知州,宋朝,有向的,初置时间
都指挥佥书,明朝,有向的,初置时间
副都御史,明朝,有向的,初置时间
左少监,明朝,有向的,初置时间
参议,洪武,有向的,初置时间
六部郎中,唐朝,有向的,初置时间
镇守太监,洪熙,有向的,初置时间
少监,唐朝,有向的,初置时间
监丞,清朝,有向的,初置时间
奉御,隋朝,有向的,初置时间
长史,秦朝,有向的,初置时间
国子监祭酒,西晋,有向的,初置时间
参政,宋朝,有向的,初置时间
塞王,洪武,有向的,初置时间
大理寺卿,秦朝,有向的,初置时间
布政使,洪武,有向的,初置时间
尚衣监,明朝,有向的,初置时间
督师,明朝,有向的,初置时间
巡关御史,明朝,有向的,初置时间
太守,先秦,有向的,初置时间
制府,明朝,有向的,初置时间
经略,南北朝,有向的,初置时间
佥都御史,洪武,有向的,初置时间
给事中,秦朝,有向的,初置时间
兵部尚书,隋朝,有向的,初置时间
指挥佥事,明朝,有向的,初置时间
都御史,明朝,有向的,初置时间
知县,宋朝,有向的,初置时间
镇朔将军印,明朝,有向的,初置时间
佛郎机,嘉靖,有向的,初置时间
快枪,明朝,有向的,初置时间
神枢车,嘉靖,有向的,初置时间
西瓜纸炮,宋朝,有向的,初置时间
火镰石,宋朝,有向的,初置时间
号炮,宋朝,有向的,初置时间
火器,宋朝,有向的,初置时间
拒马器,明朝,有向的,初置时间
长枪,明朝,有向的,初置时间
^筅,明朝,有向的,初置时间
龙刀枪,明朝,有向的,初置时间
火钻,唐朝,有向的,初置时间
火箭,唐朝,有向的,初置时间
铁炮,崇祯,有向的,初置时间
火铳,元朝,有向的,初置时间
四眼铳,明朝,有向的,初置时间
三眼铳,明朝,有向的,初置时间
鸟铳,嘉靖,有向的,初置时间
铳棍,明朝,有向的,初置时间
铁将军炮,明朝,有向的,初置时间
腰刀,宋朝,有向的,初置时间
捣马突枪,宋朝,有向的,初置时间
斩马刀,汉朝,有向的,初置时间
连枷棍,宋朝,有向的,初置时间
骨朵,唐朝,有向的,初置时间
连子铳,嘉靖,有向的,初置时间
牛腿小炮,崇祯,有向的,初置时间
火炮,宋朝,有向的,初置时间
镞形枪,清朝,有向的,初置时间
笔形枪,清朝,有向的,初置时间
钩形枪,清朝,有向的,初置时间
箭形枪,明朝,有向的,初置时间
洪武,朱元璋,有向的,在位皇帝
建文,朱允,有向的,在位皇帝
永乐,朱棣,有向的,在位皇帝
洪熙,朱高炽,有向的,在位皇帝
宣德,朱瞻基,有向的,在位皇帝
正统,朱祁镇,有向的,在位皇帝
景泰,朱祁钰,有向的,在位皇帝
天顺,朱祁镇,有向的,在位皇帝
成化,朱见深,有向的,在位皇帝
弘治,朱v樘,有向的,在位皇帝
正德,朱厚照,有向的,在位皇帝
嘉靖,朱厚,有向的,在位皇帝
隆庆,朱载j,有向的,在位皇帝
万历,朱翊钧,有向的,在位皇帝
泰昌,朱常洛,有向的,在位皇帝
天启,朱由校,有向的,在位皇帝
崇祯,朱由检,有向的,在位皇帝
弘光,朱由崧,有向的,在位皇帝
后金,努尔哈赤,有向的,在位皇帝
康熙,玄烨,有向的,在位皇帝
雍正,胤G,有向的,在位皇帝
乾隆,弘历,有向的,在位皇帝
咸丰,奕},有向的,在位皇帝
光绪,载,有向的,在位皇帝
明朝,洪武,有向的,年号
明朝,建文,有向的,年号
明朝,永乐,有向的,年号
明朝,洪熙,有向的,年号
明朝,宣德,有向的,年号
明朝,正统,有向的,年号
明朝,景泰,有向的,年号
明朝,天顺,有向的,年号
明朝,成化,有向的,年号
明朝,弘治,有向的,年号
明朝,正德,有向的,年号
明朝,嘉靖,有向的,年号
明朝,隆庆,有向的,年号
明朝,万历,有向的,年号
明朝,泰昌,有向的,年号
明朝,天启,有向的,年号
明朝,崇祯,有向的,年号
明朝,弘光,有向的,年号
清朝,康熙,有向的,年号
清朝,雍正,有向的,年号
清朝,乾隆,有向的,年号
清朝,咸丰,有向的,年号
清朝,光绪,有向的,年号
辽东镇,永乐,有向的,初置时间
宣府镇,永乐,有向的,初置时间
大同镇,永乐,有向的,初置时间
延绥镇,永乐,有向的,初置时间
宁夏镇,永乐,有向的,初置时间
甘肃镇,洪武,有向的,初置时间
山西镇,宣德,有向的,初置时间
固原镇,明朝,有向的,初置时间
蓟镇,明朝,有向的,初置时间
昌镇,明朝,有向的,初置时间
真保镇,明朝,有向的,初置时间
蓟镇,怀柔县,有向的,所在区县
蓟镇,密云县,有向的,所在区县
蓟镇,平谷县,有向的,所在区县
蓟镇,蓟县,有向的,所在区县
蓟镇,遵化市,有向的,所在区县
蓟镇,迁西县,有向的,所在区县
蓟镇,迁安县,有向的,所在区县
蓟镇,卢龙县,有向的,所在区县
蓟镇,抚宁县,有向的,所在区县
蓟镇,山海关区,有向的,所在区县
昌镇,昌平,有向的,所在区县
昌镇,延庆,有向的,所在区县
真保镇,门头沟,有向的,所在区县
山海卫,洪武,有向的,初置时间
抚宁卫,永乐,有向的,初置时间
永平卫,洪武,有向的,初置时间
东胜左卫,永乐,有向的,初置时间
卢龙卫,永乐,有向的,初置时间
兴州右屯卫,永乐,有向的,初置时间
开平中屯卫,永乐,有向的,初置时间
遵化卫,洪武,有向的,初置时间
忠义中卫,永乐,有向的,初置时间
宽河守御千户所,洪武,有向的,初置时间
东胜右卫,永乐,有向的,初置时间
兴州前屯卫,永乐,有向的,初置时间
兴州左屯卫,永乐,有向的,初置时间
蓟州卫,洪武,有向的,初置时间
镇朔卫,永乐,有向的,初置时间
营州右屯卫,永乐,有向的,初置时间
密云后卫,洪武,有向的,初置时间
营州中屯卫,永乐,有向的,初置时间
营州后屯卫,永乐,有向的,初置时间
兴州后屯卫,永乐,有向的,初置时间
营州前屯卫,永乐,有向的,初置时间
梁城守御千户所,洪武,有向的,初置时间
密云中卫,洪武,有向的,初置时间
神武中卫,洪武,有向的,初置时间
定边卫,洪武,有向的,初置时间
通州卫,洪武,有向的,初置时间
通州左卫,永乐,有向的,初置时间
通州右卫,永乐,有向的,初置时间
武清卫,永乐,有向的,初置时间
营州左屯卫,永乐,有向的,初置时间
渤海守御千户所,弘治,有向的,初置时间
延庆卫,洪武,有向的,初置时间
兴州中屯卫,永乐,有向的,初置时间
涿鹿卫,永乐,有向的,初置时间
涿鹿左卫,永乐,有向的,初置时间
涿鹿中卫,永乐,有向的,初置时间
镇边城守御千户所,正统,有向的,初置时间
白羊口千户所,景泰,有向的,初置时间
潮河千户所,弘治,有向的,初置时间
古北口守御千户所,洪武,有向的,初置时间
山海卫,蓟镇,有向的,所属镇边
抚宁卫,蓟镇,有向的,所属镇边
永平卫,蓟镇,有向的,所属镇边
东胜左卫,蓟镇,有向的,所属镇边
卢龙卫,蓟镇,有向的,所属镇边
兴州右屯卫,蓟镇,有向的,所属镇边
开平中屯卫,蓟镇,有向的,所属镇边
遵化卫,蓟镇,有向的,所属镇边
忠义中卫,蓟镇,有向的,所属镇边
宽河守御千户所,蓟镇,有向的,所属镇边
东胜右卫,蓟镇,有向的,所属镇边
兴州前屯卫,蓟镇,有向的,所属镇边
兴州左屯卫,蓟镇,有向的,所属镇边
蓟州卫,蓟镇,有向的,所属镇边
镇朔卫,蓟镇,有向的,所属镇边
营州右屯卫,蓟镇,有向的,所属镇边
密云后卫,蓟镇,有向的,所属镇边
营州中屯卫,蓟镇,有向的,所属镇边
营州后屯卫,蓟镇,有向的,所属镇边
兴州后屯卫,蓟镇,有向的,所属镇边
营州前屯卫,蓟镇,有向的,所属镇边
梁城守御千户所,蓟镇,有向的,所属镇边
密云中卫,蓟镇,有向的,所属镇边
神武中卫,蓟镇,有向的,所属镇边
定边卫,蓟镇,有向的,所属镇边
通州卫,蓟镇,有向的,所属镇边
通州左卫,蓟镇,有向的,所属镇边
通州右卫,蓟镇,有向的,所属镇边
武清卫,蓟镇,有向的,所属镇边
营州左屯卫,蓟镇,有向的,所属镇边
渤海守御千户所,昌镇,有向的,所属镇边
延庆卫,昌镇,有向的,所属镇边
兴州中屯卫,昌镇,有向的,所属镇边
涿鹿卫,昌镇,有向的,所属镇边
涿鹿左卫,昌镇,有向的,所属镇边
涿鹿中卫,昌镇,有向的,所属镇边
镇边城守御千户所,昌镇,有向的,所属镇边
白羊口千户所,昌镇,有向的,所属镇边
潮河千户所,蓟镇,有向的,所属镇边
古北口守御千户所,蓟镇,有向的,所属镇边
山海卫,山海关区,有向的,所在区县
抚宁卫,抚宁县,有向的,所在区县
永平卫,卢龙县,有向的,所在区县
东胜左卫,卢龙县,有向的,所在区县
卢龙卫,卢龙县,有向的,所在区县
兴州右屯卫,迁安县,有向的,所在区县
遵化卫,遵化市,有向的,所在区县
忠义中卫,遵化市,有向的,所在区县
宽河守御千户所,遵化市,有向的,所在区县
东胜右卫,遵化市,有向的,所在区县
蓟州卫,蓟县,有向的,所在区县
镇朔卫,蓟县,有向的,所在区县
营州右屯卫,蓟县,有向的,所在区县
营州中屯卫,平谷县,有向的,所在区县
密云中卫,密云县,有向的,所在区县
延庆卫,延庆,有向的,所在区县
潮河千户所,密云县,有向的,所在区县
古北口守御千户所,密云县,有向的,所在区县
山海卫,卫指挥使司,有向的,驻守官
山海卫,千总,有向的,驻守官
山海卫,百总,有向的,驻守官
山海卫,镇抚司,有向的,驻守官
山海卫,经历,有向的,驻守官
抚宁卫,卫指挥使司,有向的,驻守官
抚宁卫,千总,有向的,驻守官
抚宁卫,百总,有向的,驻守官
抚宁卫,镇抚司,有向的,驻守官
抚宁卫,经历,有向的,驻守官
永平卫,卫指挥使司,有向的,驻守官
永平卫,千总,有向的,驻守官
永平卫,百总,有向的,驻守官
永平卫,镇抚司,有向的,驻守官
永平卫,经历,有向的,驻守官
永平卫,知事,有向的,驻守官
东胜左卫,卫指挥使司,有向的,驻守官
东胜左卫,千总,有向的,驻守官
东胜左卫,百总,有向的,驻守官
东胜左卫,镇抚司,有向的,驻守官
东胜左卫,经历,有向的,驻守官
东胜左卫,知事,有向的,驻守官
卢龙卫,卫指挥使司,有向的,驻守官
卢龙卫,千总,有向的,驻守官
卢龙卫,百总,有向的,驻守官
卢龙卫,经历,有向的,驻守官
兴州右屯卫,卫指挥使司,有向的,驻守官
兴州右屯卫,千总,有向的,驻守官
兴州右屯卫,百总,有向的,驻守官
兴州右屯卫,镇抚司,有向的,驻守官
兴州右屯卫,经历,有向的,驻守官
兴州右屯卫,知事,有向的,驻守官
开平中屯卫,卫指挥使司,有向的,驻守官
开平中屯卫,千总,有向的,驻守官
开平中屯卫,百总,有向的,驻守官
开平中屯卫,镇抚司,有向的,驻守官
开平中屯卫,经历,有向的,驻守官
遵化卫,卫指挥使司,有向的,驻守官
遵化卫,千总,有向的,驻守官
遵化卫,百总,有向的,驻守官
遵化卫,经历,有向的,驻守官
忠义中卫,卫指挥使司,有向的,驻守官
忠义中卫,千总,有向的,驻守官
忠义中卫,百总,有向的,驻守官
忠义中卫,镇抚司,有向的,驻守官
忠义中卫,经历,有向的,驻守官
宽河守御千户所,千总,有向的,驻守官
宽河守御千户所,百总,有向的,驻守官
东胜右卫,卫指挥使司,有向的,驻守官
东胜右卫,千总,有向的,驻守官
东胜右卫,百总,有向的,驻守官
东胜右卫,经历,有向的,驻守官
兴州前屯卫,卫指挥使司,有向的,驻守官
兴州前屯卫,千总,有向的,驻守官
兴州前屯卫,百总,有向的,驻守官
兴州前屯卫,镇抚司,有向的,驻守官
兴州前屯卫,经历,有向的,驻守官
兴州左屯卫,卫指挥使司,有向的,驻守官
兴州左屯卫,千总,有向的,驻守官
兴州左屯卫,百总,有向的,驻守官
兴州左屯卫,镇抚司,有向的,驻守官
兴州左屯卫,经历,有向的,驻守官
蓟州卫,卫指挥使司,有向的,驻守官
蓟州卫,千总,有向的,驻守官
蓟州卫,百总,有向的,驻守官
蓟州卫,镇抚司,有向的,驻守官
蓟州卫,经历,有向的,驻守官
镇朔卫,卫指挥使司,有向的,驻守官
镇朔卫,千总,有向的,驻守官
镇朔卫,百总,有向的,驻守官
镇朔卫,镇抚司,有向的,驻守官
镇朔卫,经历,有向的,驻守官
营州右屯卫,经历,有向的,驻守官
密云后卫,卫指挥使司,有向的,驻守官
密云后卫,千总,有向的,驻守官
密云后卫,百总,有向的,驻守官
密云后卫,经历,有向的,驻守官
营州中屯卫,卫指挥使司,有向的,驻守官
营州中屯卫,千总,有向的,驻守官
营州中屯卫,百总,有向的,驻守官
营州中屯卫,镇抚司,有向的,驻守官
营州中屯卫,经历,有向的,驻守官
营州后屯卫,卫指挥使司,有向的,驻守官
营州后屯卫,千总,有向的,驻守官
营州后屯卫,百总,有向的,驻守官
营州后屯卫,镇抚司,有向的,驻守官
营州后屯卫,经历,有向的,驻守官
兴州后屯卫,卫指挥使司,有向的,驻守官
兴州后屯卫,千总,有向的,驻守官
兴州后屯卫,百总,有向的,驻守官
兴州后屯卫,镇抚司,有向的,驻守官
兴州后屯卫,经历,有向的,驻守官
营州前屯卫,经历,有向的,驻守官
梁城守御千户所,千总,有向的,驻守官
梁城守御千户所,百总,有向的,驻守官
密云中卫,卫指挥使司,有向的,驻守官
密云中卫,千总,有向的,驻守官
密云中卫,百总,有向的,驻守官
密云中卫,镇抚司,有向的,驻守官
密云中卫,经历,有向的,驻守官
神武中卫,经历,有向的,驻守官
定边卫,经历,有向的,驻守官
通州卫,经历,有向的,驻守官
通州左卫,经历,有向的,驻守官
通州右卫,经历,有向的,驻守官
营州左屯卫,卫指挥使司,有向的,驻守官
营州左屯卫,千总,有向的,驻守官
营州左屯卫,百总,有向的,驻守官
营州左屯卫,经历,有向的,驻守官
延庆卫,卫指挥使司,有向的,驻守官
延庆卫,千总,有向的,驻守官
延庆卫,百总,有向的,驻守官
延庆卫,镇抚司,有向的,驻守官
延庆卫,经历,有向的,驻守官
兴州中屯卫,卫指挥使司,有向的,驻守官
兴州中屯卫,千总,有向的,驻守官
兴州中屯卫,百总,有向的,驻守官
兴州中屯卫,镇抚司,有向的,驻守官
兴州中屯卫,经历,有向的,驻守官
涿鹿卫,卫指挥使司,有向的,驻守官
涿鹿卫,千总,有向的,驻守官
涿鹿卫,百总,有向的,驻守官
涿鹿卫,镇抚司,有向的,驻守官
涿鹿卫,经历,有向的,驻守官
涿鹿卫,知事,有向的,驻守官
涿鹿左卫,卫指挥使司,有向的,驻守官
涿鹿左卫,千总,有向的,驻守官
涿鹿左卫,百总,有向的,驻守官
涿鹿左卫,镇抚司,有向的,驻守官
涿鹿左卫,经历,有向的,驻守官
涿鹿左卫,知事,有向的,驻守官
涿鹿中卫,卫指挥使司,有向的,驻守官
涿鹿中卫,千总,有向的,驻守官
涿鹿中卫,百总,有向的,驻守官
涿鹿中卫,镇抚司,有向的,驻守官
涿鹿中卫,经历,有向的,驻守官
涿鹿中卫,知事,有向的,驻守官
潮河千户所,千总,有向的,驻守官
潮河千户所,百总,有向的,驻守官
山海路,永平道,有向的,所属
石门路,永平道,有向的,所属
台头路,永平道,有向的,所属
燕河路,永平道,有向的,所属
太平路,蓟州道,有向的,所属
喜峰口路,蓟州道,有向的,所属
松棚路,蓟州道,有向的,所属
马兰路,蓟州道,有向的,所属
墙子路,密云道,有向的,所属
曹家路,密云道,有向的,所属
古北路,密云道,有向的,所属
石塘路,密云道,有向的,所属
居庸路,昌镇,有向的,所属镇边
黄花路,昌镇,有向的,所属镇边
横岭路,昌镇,有向的,所属镇边
紫荆关,真保镇,有向的,所属镇边
倒马关,真保镇,有向的,所属镇边
龙泉关,真保镇,有向的,所属镇边
山海路,山海关区,有向的,所在区县
石门路,抚宁县,有向的,所在区县
台头路,抚宁县,有向的,所在区县
燕河路,卢龙县,有向的,所在区县
太平路,迁安县,有向的,所在区县
喜峰口路,迁安县,有向的,所在区县
松棚路,迁安县,有向的,所在区县
马兰路,蓟县,有向的,所在区县
墙子路,密云县,有向的,所在区县
曹家路,密云县,有向的,所在区县
古北路,密云县,有向的,所在区县
石塘路,密云县,有向的,所在区县
太平路,迁西县,有向的,所在区县
马兰路,平谷县,有向的,所在区县
石塘路,怀柔县,有向的,所在区县
永平道,建昌营城堡,有向的,驻地
蓟州道,三屯营城堡,有向的,驻地
密云道,石匣营城堡,有向的,驻地
永平道,蓟镇,有向的,所属镇边
蓟州道,蓟镇,有向的,所属镇边
密云道,蓟镇,有向的,所属镇边
永平道,副总兵,有向的,驻守官
蓟州道,副总兵,有向的,驻守官
密云道,副总兵,有向的,驻守官
永平道,山海关区,有向的,所在区县
蓟州道,迁安县,有向的,所在区县
密云道,平谷县,有向的,所在区县
永平道,抚宁县,有向的,所在区县
永平道,卢龙县,有向的,所在区县
蓟州道,迁西县,有向的,所在区县
蓟州道,遵化市,有向的,所在区县
蓟州道,蓟县,有向的,所在区县
蓟州道,平谷县,有向的,所在区县
密云道,密云县,有向的,所在区县
密云道,怀柔县,有向的,所在区县
一片石,石门路,有向的,所属路
大毛山,石门路,有向的,所属路
义院口,石门路,有向的,所属路
界岭口,台头路,有向的,所属路
青山口下,台头路,有向的,所属路
桃林口,燕河路,有向的,所属路
冷口,燕河路,有向的,所属路
擦崖子,太平路,有向的,所属路
榆木岭,太平路,有向的,所属路
董家口,喜峰口路,有向的,所属路
大喜峰口,喜峰口路,有向的,所属路
龙井儿,松棚路,有向的,所属路
洪山口,松棚路,有向的,所属路
罗文峪,松棚路,有向的,所属路
大安口下,马兰路,有向的,所属路
宽佃峪,马兰路,有向的,所属路
黄崖口,马兰路,有向的,所属路
将军营,马兰路,有向的,所属路
镇虔营,墙子路,有向的,所属路
墙子岭,墙子路,有向的,所属路
曹家寨,曹家路,有向的,所属路
古北口,古北路,有向的,所属路
潮河川,古北路,有向的,所属路
白马关,石塘路,有向的,所属路
石塘岭,石塘路,有向的,所属路
灰岭口,居庸路,有向的,所属路
八达岭,居庸路,有向的,所属路
石峡峪,居庸路,有向的,所属路
渤海口,黄花路,有向的,所属路
黄花镇,黄花路,有向的,所属路
白羊口,横岭路,有向的,所属路
长城谷,横岭路,有向的,所属路
横岭口,横岭路,有向的,所属路
镇边城,横岭路,有向的,所属路
一片石,空心敌台,有向的,主要建筑
大毛山,空心敌台,有向的,主要建筑
义院口,空心敌台,有向的,主要建筑
界岭口,空心敌台,有向的,主要建筑
青山口下,空心敌台,有向的,主要建筑
桃林口,空心敌台,有向的,主要建筑
冷口,空心敌台,有向的,主要建筑
擦崖子,空心敌台,有向的,主要建筑
榆木岭,空心敌台,有向的,主要建筑
董家口,空心敌台,有向的,主要建筑
大喜峰口,空心敌台,有向的,主要建筑
龙井儿,空心敌台,有向的,主要建筑
洪山口,空心敌台,有向的,主要建筑
罗文峪,空心敌台,有向的,主要建筑
大安口下,空心敌台,有向的,主要建筑
宽佃峪,空心敌台,有向的,主要建筑
黄崖口,空心敌台,有向的,主要建筑
将军营,空心敌台,有向的,主要建筑
镇虔营,空心敌台,有向的,主要建筑
墙子岭,空心敌台,有向的,主要建筑
曹家寨,空心敌台,有向的,主要建筑
古北口,空心敌台,有向的,主要建筑
潮河川,空心敌台,有向的,主要建筑
白马关,空心敌台,有向的,主要建筑
石塘岭,空心敌台,有向的,主要建筑
八达岭,空心敌台,有向的,主要建筑
石峡峪,空心敌台,有向的,主要建筑
渤海口,空心敌台,有向的,主要建筑
黄花镇,空心敌台,有向的,主要建筑
白羊口,空心敌台,有向的,主要建筑
长城谷,空心敌台,有向的,主要建筑
横岭口,空心敌台,有向的,主要建筑
镇边城,空心敌台,有向的,主要建筑
一片石,附墙台,有向的,主要建筑
大毛山,附墙台,有向的,主要建筑
义院口,附墙台,有向的,主要建筑
界岭口,附墙台,有向的,主要建筑
青山口下,附墙台,有向的,主要建筑
桃林口,附墙台,有向的,主要建筑
冷口,附墙台,有向的,主要建筑
擦崖子,附墙台,有向的,主要建筑
榆木岭,附墙台,有向的,主要建筑
龙井儿,附墙台,有向的,主要建筑
洪山口,附墙台,有向的,主要建筑
罗文峪,附墙台,有向的,主要建筑
古北口,附墙台,有向的,主要建筑
石塘岭,附墙台,有向的,主要建筑
灰岭口,附墙台,有向的,主要建筑
八达岭,附墙台,有向的,主要建筑
石峡峪,附墙台,有向的,主要建筑
渤海口,附墙台,有向的,主要建筑
黄花镇,附墙台,有向的,主要建筑
白羊口,附墙台,有向的,主要建筑
长城谷,附墙台,有向的,主要建筑
横岭口,附墙台,有向的,主要建筑
镇边城,附墙台,有向的,主要建筑
密云守备,守备,有向的,驻守官
三河守备,守备,有向的,驻守官
蓟州守备,守备,有向的,驻守官
遵化守备,守备,有向的,驻守官
三屯守备,守备,有向的,驻守官
永平守备,守备,有向的,驻守官
黄崖口守备,守备,有向的,驻守官
大毛山提调,提调,有向的,驻守官
义院口提调,提调,有向的,驻守官
冷口提调,提调,有向的,驻守官
桃林口提调,提调,有向的,驻守官
青山口提调,提调,有向的,驻守官
界岭口提调,提调,有向的,驻守官
擦崖子提调,提调,有向的,驻守官
榆木岭提调,提调,有向的,驻守官
李家口提调,提调,有向的,驻守官
董家口提调,提调,有向的,驻守官
龙井儿提调,提调,有向的,驻守官
洪山口提调,提调,有向的,驻守官
罗文谷提调,提调,有向的,驻守官
大安口提调,提调,有向的,驻守官
宽佃谷提调,提调,有向的,驻守官
黄崖口提调,提调,有向的,驻守官
将军营提调,提调,有向的,驻守官
镇虏营提调,提调,有向的,驻守官
墙子岭提调,提调,有向的,驻守官
曹家寨提调,提调,有向的,驻守官
吉家庄提调,提调,有向的,驻守官
古北口提调,提调,有向的,驻守官
潮河川提调,提调,有向的,驻守官
白马关提调,提调,有向的,驻守官
石塘岭提调,提调,有向的,驻守官
通州参将,参将,有向的,驻守官
山海路参将,参将,有向的,驻守官
石门路参将,参将,有向的,驻守官
燕河路参将,参将,有向的,驻守官
太平路参将,参将,有向的,驻守官
喜峰口参将,参将,有向的,驻守官
马兰路参将,参将,有向的,驻守官
墙子路参将,参将,有向的,驻守官
古北路参将,参将,有向的,驻守官
石塘路参将,参将,有向的,驻守官
密云左营游击,游击将军,有向的,驻守官
密云右营游击,游击将军,有向的,驻守官
密云振武营游击,游击将军,有向的,驻守官
密云辎重营游击,游击将军,有向的,驻守官
镇虏营游击,游击将军,有向的,驻守官
遵化左营游击,游击将军,有向的,驻守官
遵化右营游击,游击将军,有向的,驻守官
遵化辎重营游击,游击将军,有向的,驻守官
三屯营左营游击,游击将军,有向的,驻守官
三屯右营游击,游击将军,有向的,驻守官
三屯营辎重营游击,游击将军,有向的,驻守官
保河车营游击,游击将军,有向的,驻守官
台头路游击,游击将军,有向的,驻守官
曹家路游击,游击将军,有向的,驻守官
松棚路游击,游击将军,有向的,驻守官
漕运把总,千总,有向的,驻守官
漕运把总,百总,有向的,驻守官
密云守备,嘉靖,有向的,初置时间
三河守备,弘治,有向的,初置时间
蓟州守备,天顺,有向的,初置时间
遵化守备,成化,有向的,初置时间
三屯守备,隆庆,有向的,初置时间
永平守备,弘治,有向的,初置时间
黄崖口守备,嘉靖,有向的,初置时间
大毛山提调,嘉靖,有向的,初置时间
义院口提调,嘉靖,有向的,初置时间
冷口提调,嘉靖,有向的,初置时间
桃林口提调,弘治,有向的,初置时间
青山口提调,嘉靖,有向的,初置时间
界岭口提调,嘉靖,有向的,初置时间
擦崖子提调,弘治,有向的,初置时间
榆木岭提调,嘉靖,有向的,初置时间
李家口提调,万历,有向的,初置时间
董家口提调,弘治,有向的,初置时间
洪山口提调,洪武,有向的,初置时间
罗文谷提调,永乐,有向的,初置时间
大安口提调,永乐,有向的,初置时间
宽佃谷提调,永乐,有向的,初置时间
黄崖口提调,永乐,有向的,初置时间
将军营提调,永乐,有向的,初置时间
镇虏营提调,嘉靖,有向的,初置时间
墙子岭提调,嘉靖,有向的,初置时间
曹家寨提调,嘉靖,有向的,初置时间
吉家庄提调,万历,有向的,初置时间
古北口提调,弘治,有向的,初置时间
潮河川提调,弘治,有向的,初置时间
白马关提调,嘉靖,有向的,初置时间
石塘岭提调,嘉靖,有向的,初置时间
大毛山提调,大毛山,有向的,驻地
义院口提调,义院口,有向的,驻地
冷口提调,冷口,有向的,驻地
桃林口提调,桃林口,有向的,驻地
青山口提调,青山口,有向的,驻地
界岭口提调,界岭口,有向的,驻地
擦崖子提调,擦崖子,有向的,驻地
榆木岭提调,榆木岭,有向的,驻地
李家口提调,大喜峰口,有向的,驻地
董家口提调,董家口,有向的,驻地
龙井儿提调,龙井儿,有向的,驻地
洪山口提调,洪山口,有向的,驻地
罗文谷提调,罗文峪,有向的,驻地
大安口提调,大安口,有向的,驻地
宽佃谷提调,宽佃峪,有向的,驻地
黄崖口提调,黄崖口,有向的,驻地
将军营提调,将军营,有向的,驻地
镇虏营提调,镇虏营城堡,有向的,驻地
墙子岭提调,墙子岭,有向的,驻地
曹家寨提调,曹家寨,有向的,驻地
吉家庄提调,吉家庄营城堡,有向的,驻地
古北口提调,古北口,有向的,驻地
潮河川提调,潮河川,有向的,驻地
白马关提调,白马关,有向的,驻地
石塘岭提调,石塘岭,有向的,驻地
山海关,洪武,有向的,初置时间
南海口关,洪武,有向的,初置时间
南水关,洪武,有向的,初置时间
北水关,洪武,有向的,初置时间
旱门关,洪武,有向的,初置时间
角山关,洪武,有向的,初置时间
滥水关,洪武,有向的,初置时间
寺儿谷,洪武,有向的,初置时间
三道关,洪武,有向的,初置时间
一片石关,洪武,有向的,初置时间
吾名口,弘治,有向的,初置时间
大青山关,永乐,有向的,初置时间
西阳口,洪武,有向的,初置时间
大安口,洪武,有向的,初置时间
黄土岭关,洪武,有向的,初置时间
庙山口,弘治,有向的,初置时间
义院口关,洪武,有向的,初置时间
青山口,洪武,有向的,初置时间
界岭口关,洪武,有向的,初置时间
箭杆岭关,弘治,有向的,初置时间
乾涧儿口,洪武,有向的,初置时间
重峪口关,洪武,有向的,初置时间
桃林口关,洪武,有向的,初置时间
刘家口关,永乐,有向的,初置时间
冷口关,洪武,有向的,初置时间
徐流口关,洪武,有向的,初置时间
河流口关,成化,有向的,初置时间
白道子关,洪武,有向的,初置时间
石门子口,洪武,有向的,初置时间
白羊峪关,洪武,有向的,初置时间
榆木岭关,洪武,有向的,初置时间
五重安关,洪武,有向的,初置时间
洪峪口关,洪武,有向的,初置时间
擦崖子关,洪武,有向的,初置时间
城子谷关,弘治,有向的,初置时间
铁门关,洪武,有向的,初置时间
大喜峰口关,洪武,有向的,初置时间
小喜峰口关,洪武,有向的,初置时间
青山口关,洪武,有向的,初置时间
董家口关,洪武,有向的,初置时间
K乡口关,洪武,有向的,初置时间
龙井儿关,洪武,有向的,初置时间
沙坡峪关,洪武,有向的,初置时间
苏郎峪关,嘉靖,有向的,初置时间
三台山关,洪武,有向的,初置时间
西常峪关,洪武,有向的,初置时间
东常峪关,洪武,有向的,初置时间
潘家口关,嘉靖,有向的,初置时间
于家峪关,洪武,有向的,初置时间
洪山口关,洪武,有向的,初置时间
山寨峪关,洪武,有向的,初置时间
廖家峪关,正德,有向的,初置时间
马蹄峪关,洪武,有向的,初置时间
罗文峪关,洪武,有向的,初置时间
鲇鱼石关,永乐,有向的,初置时间
大安口关,永乐,有向的,初置时间
黄崖口关,永乐,有向的,初置时间
宽佃峪关,永乐,有向的,初置时间
彰作里关,永乐,有向的,初置时间
龙洞峪关,永乐,有向的,初置时间
冷嘴头关,永乐,有向的,初置时间
古强口关,永乐,有向的,初置时间
黄松谷关,永乐,有向的,初置时间
将军关,永乐,有向的,初置时间
灰峪口,洪武,有向的,初置时间
北水峪关,洪武,有向的,初置时间
南水峪关,洪武,有向的,初置时间
大黄崖关,永乐,有向的,初置时间
小黄崖关,永乐,有向的,初置时间
黄门口关,洪武,有向的,初置时间
墙子岭关,洪武,有向的,初置时间
汉儿岭关,洪武,有向的,初置时间
古北口关,洪武,有向的,初置时间
龙王峪关,洪武,有向的,初置时间
潮河川关,洪武,有向的,初置时间
砖垛子关,洪武,有向的,初置时间
白马关,永乐,有向的,初置时间
营城岭关,永乐,有向的,初置时间
冯家峪关,永乐,有向的,初置时间
白崖峪关,永乐,有向的,初置时间
响水峪关,永乐,有向的,初置时间
左二关,永乐,有向的,初置时间
西驼骨关,永乐,有向的,初置时间
东驼骨关,永乐,有向的,初置时间
陈家峪关,永乐,有向的,初置时间
亓连口关,永乐,有向的,初置时间
神堂峪关,永乐,有向的,初置时间
河防口关,永乐,有向的,初置时间
大水峪关,永乐,有向的,初置时间
白道峪关,永乐,有向的,初置时间
小水峪关,永乐,有向的,初置时间
牛盆峪关,永乐,有向的,初置时间
东水峪关,永乐,有向的,初置时间
西石城关,永乐,有向的,初置时间
东石城关,永乐,有向的,初置时间
石塘岭关,永乐,有向的,初置时间
炕儿谷,洪武,有向的,初置时间
平顶谷堡,洪武,有向的,初置时间
水门寺堡,洪武,有向的,初置时间
城子谷堡,弘治,有向的,初置时间
柳河卫堡,洪武,有向的,初置时间
董家口堡,洪武,有向的,初置时间
大毛山堡,洪武,有向的,初置时间
小毛山堡,洪武,有向的,初置时间
娃娃谷堡,洪武,有向的,初置时间
小河口堡,洪武,有向的,初置时间
甘泉堡,洪武,有向的,初置时间
温泉堡,洪武,有向的,初置时间
孤石谷堡,嘉靖,有向的,初置时间
柳罐谷堡,洪武,有向的,初置时间
苇子谷堡,洪武,有向的,初置时间
细谷口堡,洪武,有向的,初置时间
花场谷堡,洪武,有向的,初置时间
拿子谷堡,弘治,有向的,初置时间
板场谷堡,嘉靖,有向的,初置时间
长谷口堡,洪武,有向的,初置时间
罗汉洞,弘治,有向的,初置时间
中桑堡,嘉靖,有向的,初置时间
星星谷堡,景泰,有向的,初置时间
梧桐谷堡,正德,有向的,初置时间
东胜寨,正德,有向的,初置时间
佛儿谷寨,弘治,有向的,初置时间
孤窑儿寨,弘治,有向的,初置时间
正水谷寨,成化,有向的,初置时间
新开岭堡,洪武,有向的,初置时间
澜柴沟堡,弘治,有向的,初置时间
大岭寨,洪武,有向的,初置时间
胜岭寨,洪武,有向的,初置时间
横山寨,洪武,有向的,初置时间
团亭寨,洪武,有向的,初置时间
石梯子谷寨,洪武,有向的,初置时间
椴木谷寨,洪武,有向的,初置时间
李家谷寨,洪武,有向的,初置时间
栋斯日,洪武,有向的,初置时间
张家安寨,洪武,有向的,初置时间
三道岭寨,洪武,有向的,初置时间
白枣谷寨,洪武,有向的,初置时间
西安谷寨,洪武,有向的,初置时间
山口寨,洪武,有向的,初置时间
猫儿谷寨,洪武,有向的,初置时间
秋科谷寨,洪武,有向的,初置时间
蔡家谷寨,永乐,有向的,初置时间
紊砉日,永乐,有向的,初置时间
天胜寨,永乐,有向的,初置时间
平山顶寨,永乐,有向的,初置时间
沙岭儿寨,永乐,有向的,初置时间
龙池寨,永乐,有向的,初置时间
石崖岭寨,洪武,有向的,初置时间
饿老婆顶寨,正德,有向的,初置时间
烽台岭寨,弘治,有向的,初置时间
独松谷寨,弘治,有向的,初置时间
马兰谷寨,洪武,有向的,初置时间
太平安寨,成化,有向的,初置时间
车道谷寨,嘉靖,有向的,初置时间
蚕椽谷寨,成化,有向的,初置时间
耻口谷寨,成化,有向的,初置时间
峨眉山寨,永乐,有向的,初置时间
黑水湾寨,永乐,有向的,初置时间
青山岭寨,成化,有向的,初置时间
熊儿谷寨,洪武,有向的,初置时间
鱼子山寨,洪武,有向的,初置时间
磨刀谷寨,洪武,有向的,初置时间
南谷寨,洪武,有向的,初置时间
将军台,洪武,有向的,初置时间
柏岭安寨,洪武,有向的,初置时间
齐头崖寨,洪武,有向的,初置时间
梧桐安寨,洪武,有向的,初置时间
扒头崖寨,洪武,有向的,初置时间
师姑谷寨,洪武,有向的,初置时间
倒班岭寨,洪武,有向的,初置时间
大角谷寨,洪武,有向的,初置时间
水谷寨,洪武,有向的,初置时间
黑谷寨,洪武,有向的,初置时间
烽火谷寨,洪武,有向的,初置时间
烧香谷寨,洪武,有向的,初置时间
恶谷寨,洪武,有向的,初置时间
南峪寨,洪武,有向的,初置时间
遥桥谷寨,洪武,有向的,初置时间
大虫谷寨,洪武,有向的,初置时间
大水D寨,洪武,有向的,初置时间
苏家谷寨,洪武,有向的,初置时间
姜毛谷寨,洪武,有向的,初置时间
石塘谷寨,洪武,有向的,初置时间
小台儿寨,洪武,有向的,初置时间
师坡谷,洪武,有向的,初置时间
沙岭儿口寨,洪武,有向的,初置时间
丫鬟山寨,洪武,有向的,初置时间
司马台寨,洪武,有向的,初置时间
鸦鹘安寨,洪武,有向的,初置时间
R家安寨,洪武,有向的,初置时间
T房谷寨,洪武,有向的,初置时间
陡道谷寨,洪武,有向的,初置时间
吊马谷寨,洪武,有向的,初置时间
潮河第七寨,洪武,有向的,初置时间
潮河第六寨,永乐,有向的,初置时间
潮河第五寨,永乐,有向的,初置时间
潮河第一寨,永乐,有向的,初置时间
划车岭寨,永乐,有向的,初置时间
大良谷寨,永乐,有向的,初置时间
牛头海口营城堡,永乐,有向的,初置时间
黄土岭营城堡,成化,有向的,初置时间
长谷驻操营城堡,成化,有向的,初置时间
石门寨营城堡,洪武,有向的,初置时间
平山营城堡,成化,有向的,初置时间
驸马寨营城堡,洪武,有向的,初置时间
台头营城堡,永乐,有向的,初置时间
赤洋海口营城堡,永乐,有向的,初置时间
界岭口营城堡,洪武,有向的,初置时间
燕河营城堡,洪武,有向的,初置时间
桃林营城堡,宣德,有向的,初置时间
刘家营城堡,宣德,有向的,初置时间
新桥海口营城堡,永乐,有向的,初置时间
徐流营城堡,宣德,有向的,初置时间
建昌营城堡,宣德,有向的,初置时间
五重安营城堡,洪武,有向的,初置时间
太平寨营城堡,正德,有向的,初置时间
青山驻操营城堡,成化,有向的,初置时间
滦阳营城堡,洪武,有向的,初置时间
汉儿庄营城堡,洪武,有向的,初置时间
松棚谷营城堡,洪武,有向的,初置时间
三屯营城堡,天顺,有向的,初置时间
罗文谷营城堡,洪武,有向的,初置时间
大安口营城堡,永乐,有向的,初置时间
鲶鱼石营城堡,永乐,有向的,初置时间
马兰谷营城堡,永乐,有向的,初置时间
黄崖口营城堡,天顺,有向的,初置时间
黄崖口驻操营城堡,洪武,有向的,初置时间
将军石营城堡,永乐,有向的,初置时间
峨眉山营城堡,永乐,有向的,初置时间
熊儿谷营城堡,洪武,有向的,初置时间
镇虏营城堡,永乐,有向的,初置时间
墙子岭营城堡,洪武,有向的,初置时间
曹家寨营城堡,洪武,有向的,初置时间
吉家庄营城堡,洪武,有向的,初置时间
司马台营城堡,洪武,有向的,初置时间
古北口营城堡,洪武,有向的,初置时间
潮河川旧营城堡,洪武,有向的,初置时间
潮河川新营城堡,弘治,有向的,初置时间
石匣营城堡,弘治,有向的,初置时间
白马关营城堡,洪武,有向的,初置时间
石塘岭营城堡,永乐,有向的,初置时间
大水谷旧营城堡,永乐,有向的,初置时间
大水谷新营城堡,永乐,有向的,初置时间
山海关,山海路,有向的,所在关（路）
南海口关,山海路,有向的,所在关（路）
南水关,山海路,有向的,所在关（路）
北水关,山海路,有向的,所在关（路）
旱门关,山海路,有向的,所在关（路）
角山关,山海路,有向的,所在关（路）
滥水关,山海路,有向的,所在关（路）
寺儿谷,山海路,有向的,所在关（路）
三道关,山海路,有向的,所在关（路）
一片石关,一片石,有向的,所在关（路）
吾名口,一片石,有向的,所在关（路）
大青山关,一片石,有向的,所在关（路）
西阳口,一片石,有向的,所在关（路）
大安口,一片石,有向的,所在关（路）
黄土岭关,一片石,有向的,所在关（路）
庙山口,一片石,有向的,所在关（路）
义院口关,义院口,有向的,所在关（路）
青山口,青山口下,有向的,所在关（路）
界岭口关,界岭口,有向的,所在关（路）
箭杆岭关,界岭口,有向的,所在关（路）
乾涧儿口,青山口下,有向的,所在关（路）
重峪口关,青山口下,有向的,所在关（路）
桃林口关,桃林口,有向的,所在关（路）
刘家口关,桃林口,有向的,所在关（路）
冷口关,冷口,有向的,所在关（路）
徐流口关,冷口,有向的,所在关（路）
河流口关,冷口,有向的,所在关（路）
白道子关,冷口,有向的,所在关（路）
石门子口,冷口,有向的,所在关（路）
白羊峪关,擦崖子,有向的,所在关（路）
榆木岭关,榆木岭,有向的,所在关（路）
五重安关,擦崖子,有向的,所在关（路）
洪峪口关,擦崖子,有向的,所在关（路）
擦崖子关,擦崖子,有向的,所在关（路）
城子谷关,擦崖子,有向的,所在关（路）
铁门关,大喜峰口,有向的,所在关（路）
大喜峰口关,大喜峰口,有向的,所在关（路）
小喜峰口关,大喜峰口,有向的,所在关（路）
青山口关,董家口,有向的,所在关（路）
董家口关,董家口,有向的,所在关（路）
K乡口关,董家口,有向的,所在关（路）
龙井儿关,龙井儿,有向的,所在关（路）
沙坡峪关,罗文峪,有向的,所在关（路）
苏郎峪关,罗文峪,有向的,所在关（路）
三台山关,龙井儿,有向的,所在关（路）
西常峪关,龙井儿,有向的,所在关（路）
东常峪关,龙井儿,有向的,所在关（路）
潘家口关,龙井儿,有向的,所在关（路）
于家峪关,罗文峪,有向的,所在关（路）
洪山口关,洪山口,有向的,所在关（路）
山寨峪关,罗文峪,有向的,所在关（路）
廖家峪关,洪山口,有向的,所在关（路）
马蹄峪关,罗文峪,有向的,所在关（路）
罗文峪关,罗文峪,有向的,所在关（路）
鲇鱼石关,大安口下,有向的,所在关（路）
大安口关,大安口下,有向的,所在关（路）
黄崖口关,黄崖口,有向的,所在关（路）
宽佃峪关,宽佃峪,有向的,所在关（路）
彰作里关,将军营,有向的,所在关（路）
龙洞峪关,宽佃峪,有向的,所在关（路）
冷嘴头关,大安口下,有向的,所在关（路）
古强口关,黄崖口,有向的,所在关（路）
黄松谷关,将军营,有向的,所在关（路）
将军关,将军营,有向的,所在关（路）
灰峪口,镇虔营,有向的,所在关（路）
北水峪关,镇虔营,有向的,所在关（路）
南水峪关,镇虔营,有向的,所在关（路）
大黄崖关,墙子岭,有向的,所在关（路）
小黄崖关,墙子岭,有向的,所在关（路）
黄门口关,墙子岭,有向的,所在关（路）
墙子岭关,墙子岭,有向的,所在关（路）
汉儿岭关,曹家寨,有向的,所在关（路）
古北口关,古北口,有向的,所在关（路）
龙王峪关,古北口,有向的,所在关（路）
潮河川关,潮河川,有向的,所在关（路）
砖垛子关,古北口,有向的,所在关（路）
白马关口,白马关,有向的,所在关（路）
营城岭关,白马关,有向的,所在关（路）
冯家峪关,白马关,有向的,所在关（路）
白崖峪关,白马关,有向的,所在关（路）
响水峪关,白马关,有向的,所在关（路）
左二关,白马关,有向的,所在关（路）
西驼骨关,白马关,有向的,所在关（路）
东驼骨关,白马关,有向的,所在关（路）
陈家峪关,白马关,有向的,所在关（路）
亓连口关,石塘岭,有向的,所在关（路）
神堂峪关,石塘岭,有向的,所在关（路）
河防口关,石塘岭,有向的,所在关（路）
大水峪关,石塘岭,有向的,所在关（路）
白道峪关,石塘岭,有向的,所在关（路）
小水峪关,石塘岭,有向的,所在关（路）
牛盆峪关,石塘岭,有向的,所在关（路）
东水峪关,石塘岭,有向的,所在关（路）
西石城关,石塘岭,有向的,所在关（路）
东石城关,石塘岭,有向的,所在关（路）
石塘岭关,石塘岭,有向的,所在关（路）
炕儿谷,一片石,有向的,所在关（路）
平顶谷堡,大毛山,有向的,所在关（路）
水门寺堡,大毛山,有向的,所在关（路）
城子谷堡,大毛山,有向的,所在关（路）
柳河卫堡,大毛山,有向的,所在关（路）
董家口堡,大毛山,有向的,所在关（路）
大毛山堡,大毛山,有向的,所在关（路）
小毛山堡,大毛山,有向的,所在关（路）
娃娃谷堡,大毛山,有向的,所在关（路）
小河口堡,大毛山,有向的,所在关（路）
甘泉堡,义院口,有向的,所在关（路）
温泉堡,义院口,有向的,所在关（路）
孤石谷堡,义院口,有向的,所在关（路）
柳罐谷堡,义院口,有向的,所在关（路）
苇子谷堡,义院口,有向的,所在关（路）
细谷口堡,义院口,有向的,所在关（路）
花场谷堡,义院口,有向的,所在关（路）
拿子谷堡,义院口,有向的,所在关（路）
板场谷堡,义院口,有向的,所在关（路）
长谷口堡,义院口,有向的,所在关（路）
罗汉洞,界岭口,有向的,所在关（路）
中桑堡,界岭口,有向的,所在关（路）
星星谷堡,界岭口,有向的,所在关（路）
梧桐谷堡,青山口下,有向的,所在关（路）
东胜寨,青山口下,有向的,所在关（路）
佛儿谷寨,桃林口,有向的,所在关（路）
孤窑儿寨,桃林口,有向的,所在关（路）
正水谷寨,桃林口,有向的,所在关（路）
新开岭堡,擦崖子,有向的,所在关（路）
澜柴沟堡,榆木岭,有向的,所在关（路）
大岭寨,榆木岭,有向的,所在关（路）
胜岭寨,董家口,有向的,所在关（路）
横山寨,董家口,有向的,所在关（路）
团亭寨,大喜峰口,有向的,所在关（路）
石梯子谷寨,大喜峰口,有向的,所在关（路）
椴木谷寨,大喜峰口,有向的,所在关（路）
李家谷寨,大喜峰口,有向的,所在关（路）
栋斯日,龙井儿,有向的,所在关（路）
张家安寨,龙井儿,有向的,所在关（路）
三道岭寨,洪山口,有向的,所在关（路）
白枣谷寨,洪山口,有向的,所在关（路）
西安谷寨,洪山口,有向的,所在关（路）
山口寨,罗文峪,有向的,所在关（路）
猫儿谷寨,罗文峪,有向的,所在关（路）
秋科谷寨,罗文峪,有向的,所在关（路）
蔡家谷寨,罗文峪,有向的,所在关（路）
紊砉日,罗文峪,有向的,所在关（路）
天胜寨,罗文峪,有向的,所在关（路）
平山顶寨,大安口下,有向的,所在关（路）
沙岭儿寨,大安口下,有向的,所在关（路）
龙池寨,大安口下,有向的,所在关（路）
石崖岭寨,大安口下,有向的,所在关（路）
饿老婆顶寨,宽佃峪,有向的,所在关（路）
烽台岭寨,宽佃峪,有向的,所在关（路）
独松谷寨,宽佃峪,有向的,所在关（路）
马兰谷寨,宽佃峪,有向的,所在关（路）
太平安寨,黄崖口,有向的,所在关（路）
车道谷寨,黄崖口,有向的,所在关（路）
蚕椽谷寨,黄崖口,有向的,所在关（路）
耻口谷寨,黄崖口,有向的,所在关（路）
峨眉山寨,将军营,有向的,所在关（路）
黑水湾寨,将军营,有向的,所在关（路）
青山岭寨,黄崖口,有向的,所在关（路）
熊儿谷寨,镇虔营,有向的,所在关（路）
鱼子山寨,镇虔营,有向的,所在关（路）
磨刀谷寨,墙子岭,有向的,所在关（路）
南谷寨,墙子岭,有向的,所在关（路）
将军台,曹家寨,有向的,所在关（路）
柏岭安寨,曹家寨,有向的,所在关（路）
齐头崖寨,曹家寨,有向的,所在关（路）
梧桐安寨,曹家寨,有向的,所在关（路）
扒头崖寨,曹家寨,有向的,所在关（路）
师姑谷寨,曹家寨,有向的,所在关（路）
倒班岭寨,曹家寨,有向的,所在关（路）
大角谷寨,曹家寨,有向的,所在关（路）
水谷寨,曹家寨,有向的,所在关（路）
黑谷寨,曹家寨,有向的,所在关（路）
烽火谷寨,曹家寨,有向的,所在关（路）
烧香谷寨,曹家寨,有向的,所在关（路）
恶谷寨,曹家寨,有向的,所在关（路）
南峪寨,曹家寨,有向的,所在关（路）
遥桥谷寨,曹家寨,有向的,所在关（路）
大虫谷寨,曹家寨,有向的,所在关（路）
大水D寨,曹家寨,有向的,所在关（路）
苏家谷寨,曹家寨,有向的,所在关（路）
姜毛谷寨,曹家寨,有向的,所在关（路）
石塘谷寨,曹家寨,有向的,所在关（路）
小台儿寨,曹家寨,有向的,所在关（路）
师坡谷,古北口,有向的,所在关（路）
沙岭儿口寨,古北口,有向的,所在关（路）
丫鬟山寨,古北口,有向的,所在关（路）
司马台寨,古北口,有向的,所在关（路）
鸦鹘安寨,古北口,有向的,所在关（路）
R家安寨,古北口,有向的,所在关（路）
T房谷寨,潮河川,有向的,所在关（路）
陡道谷寨,潮河川,有向的,所在关（路）
吊马谷寨,潮河川,有向的,所在关（路）
潮河第七寨,潮河川,有向的,所在关（路）
潮河第六寨,潮河川,有向的,所在关（路）
潮河第五寨,潮河川,有向的,所在关（路）
潮河第一寨,潮河川,有向的,所在关（路）
划车岭寨,白马关,有向的,所在关（路）
大良谷寨,石塘岭,有向的,所在关（路）
牛头海口营城堡,山海路,有向的,所在关（路）
黄土岭营城堡,石门路,有向的,所在关（路）
长谷驻操营城堡,石门路,有向的,所在关（路）
石门寨营城堡,石门路,有向的,所在关（路）
平山营城堡,石门路,有向的,所在关（路）
驸马寨营城堡,石门路,有向的,所在关（路）
台头营城堡,台头路,有向的,所在关（路）
赤洋海口营城堡,台头路,有向的,所在关（路）
界岭口营城堡,台头路,有向的,所在关（路）
燕河营城堡,燕河路,有向的,所在关（路）
桃林营城堡,燕河路,有向的,所在关（路）
刘家营城堡,燕河路,有向的,所在关（路）
新桥海口营城堡,燕河路,有向的,所在关（路）
徐流营城堡,燕河路,有向的,所在关（路）
建昌营城堡,燕河路,有向的,所在关（路）
五重安营城堡,太平路,有向的,所在关（路）
太平寨营城堡,太平路,有向的,所在关（路）
青山驻操营城堡,喜峰口路,有向的,所在关（路）
滦阳营城堡,喜峰口路,有向的,所在关（路）
汉儿庄营城堡,松棚路,有向的,所在关（路）
松棚谷营城堡,松棚路,有向的,所在关（路）
三屯营城堡,松棚路,有向的,所在关（路）
罗文谷营城堡,松棚路,有向的,所在关（路）
大安口营城堡,马兰路,有向的,所在关（路）
鲶鱼石营城堡,马兰路,有向的,所在关（路）
马兰谷营城堡,马兰路,有向的,所在关（路）
黄崖口营城堡,马兰路,有向的,所在关（路）
黄崖口驻操营城堡,马兰路,有向的,所在关（路）
将军石营城堡,马兰路,有向的,所在关（路）
峨眉山营城堡,马兰路,有向的,所在关（路）
熊儿谷营城堡,密云道,有向的,所在关（路）
镇虏营城堡,密云道,有向的,所在关（路）
墙子岭营城堡,密云道,有向的,所在关（路）
曹家寨营城堡,曹家路,有向的,所在关（路）
吉家庄营城堡,曹家路,有向的,所在关（路）
司马台营城堡,古北路,有向的,所在关（路）
古北口营城堡,古北路,有向的,所在关（路）
潮河川旧营城堡,古北路,有向的,所在关（路）
潮河川新营城堡,古北路,有向的,所在关（路）
石匣营城堡,古北路,有向的,所在关（路）
白马关营城堡,石塘路,有向的,所在关（路）
石塘岭营城堡,石塘路,有向的,所在关（路）
大水谷旧营城堡,石塘路,有向的,所在关（路）
大水谷新营城堡,石塘路,有向的,所在关（路）
山海关,徐达,有向的,修建人
南海口关,徐达,有向的,修建人
大青山关,洪钟,有向的,修建人
西阳口,洪钟,有向的,修建人
大毛山堡,洪钟,有向的,修建人
甘泉堡,洪钟,有向的,修建人
黄土岭营城堡,洪钟,有向的,修建人
平山营城堡,宗胜,有向的,修建人
界岭口关,戚继光,有向的,修建人
重峪口关,洪钟,有向的,修建人
台头营城堡,洪钟,有向的,修建人
台头营城堡,戚继光,有向的,修建人
桃林口关,戚继光,有向的,修建人
冷口关,戚继光,有向的,修建人
孤窑儿寨,洪钟,有向的,修建人
松棚谷营城堡,洪钟,有向的,修建人
三屯营城堡,胡镛,有向的,修建人
三屯营城堡,戚继光,有向的,修建人
黄崖口关,戚继光,有向的,修建人
马兰谷寨,戚继光,有向的,修建人
太平安寨,戚继光,有向的,修建人
古北口关,戚继光,有向的,修建人
龙庆仓,密云县,有向的,驻地
猪圈头仓,镇虏营城堡,有向的,驻地
顺义仓,顺义,有向的,驻地
黄崖口仓,黄崖口关,有向的,驻地
大安口仓,大安口,有向的,驻地
永盈仓,遵化市,有向的,驻地
汉儿庄仓,汉儿庄营城堡,有向的,驻地
青山营仓,青山驻操营城堡,有向的,驻地
古北口仓,古北口关,有向的,驻地
广丰仓,石塘岭营城堡,有向的,驻地
广有仓,曹家寨营城堡,有向的,驻地
太平寨仓,太平寨营城堡,有向的,驻地
蓟州预备仓,蓟县,有向的,驻地
刘家口仓,刘家口关,有向的,驻地
台头营仓,台头营城堡,有向的,驻地
石门寨仓,石门寨营城堡,有向的,驻地
黄土岭仓,黄土岭营城堡,有向的,驻地
石匣仓,石匣营城堡,有向的,驻地
熊儿谷仓,平谷县,有向的,驻地
将军营仓,将军石营城堡,有向的,驻地
马兰谷仓,马兰谷营城堡,有向的,驻地
罗文谷仓,罗文峪关,有向的,驻地
洪山口仓,洪山口关,有向的,驻地
喜峰口仓,大喜峰口关,有向的,驻地
三屯营仓,迁西县,有向的,驻地
广储仓,白马关口,有向的,驻地
广积仓,大水峪关,有向的,驻地
五重安仓,五重安营城堡,有向的,驻地
蓟州仓,蓟县,有向的,驻地
建昌营仓,建昌营城堡,有向的,驻地
燕河营仓,燕河营城堡,有向的,驻地
界岭口仓,界岭口营城堡,有向的,驻地
山海仓,山海关,有向的,驻地
广盈仓,墙子岭营城堡,有向的,驻地
山海关驿,山海路,有向的,所属路
榆关驿,台头路,有向的,所属路
滦河驿,燕河路,有向的,所属路
迁安驿,石门路,有向的,所属路
七家岭驿,太平路,有向的,所属路
滦阳驿,太平路,有向的,所属路
义丰驿,松棚路,有向的,所属路
遵化驿,松棚路,有向的,所属路
阳樊驿,马兰路,有向的,所属路
渔阳驿,马兰路,有向的,所属路
三河驿,古北路,有向的,所属路
密云驿,密云县,有向的,所属路
卢峰口驿,台头路,有向的,所属路
斋堂镇,门头沟,有向的,所在区县
雁翅镇,门头沟,有向的,所在区县
妙峰山镇,门头沟,有向的,所在区县
清水镇,门头沟,有向的,所在区县
谭柘寺镇,门头沟,有向的,所在区县
王平镇,门头沟,有向的,所在区县
长陵镇,昌平,有向的,所在区县
兴寿镇,昌平,有向的,所在区县
小汤山镇,昌平,有向的,所在区县
流村镇,昌平,有向的,所在区县
崔村镇,昌平,有向的,所在区县
北七家镇,昌平,有向的,所在区县
南口镇,昌平,有向的,所在区县
金海湖镇,平谷县,有向的,所在区县
黄松峪乡,平谷县,有向的,所在区县
大华山镇,平谷县,有向的,所在区县
熊尔寨乡,平谷县,有向的,所在区县
山东庄镇,平谷县,有向的,所在区县
王辛庄镇,平谷县,有向的,所在区县
镇罗营镇,平谷县,有向的,所在区县
南独河镇,平谷县,有向的,所在区县
大兴庄镇,平谷县,有向的,所在区县
刘家店镇,平谷县,有向的,所在区县
怀柔镇,怀柔县,有向的,所在区县
宝山镇,怀柔县,有向的,所在区县
汤河口镇,怀柔县,有向的,所在区县
怀北镇,怀柔县,有向的,所在区县
琉璃庙镇,怀柔县,有向的,所在区县
渤海镇,怀柔县,有向的,所在区县
九渡河镇,怀柔县,有向的,所在区县
喇叭沟门乡,怀柔县,有向的,所在区县
雁栖镇,怀柔县,有向的,所在区县
桥梓镇,怀柔县,有向的,所在区县
长哨营满族乡,怀柔县,有向的,所在区县
石城镇,密云县,有向的,所在区县
新城子镇,密云县,有向的,所在区县
古北口镇,密云县,有向的,所在区县
北庄镇,密云县,有向的,所在区县
巨各庄镇,密云县,有向的,所在区县
太师屯镇,密云县,有向的,所在区县
溪翁庄镇,密云县,有向的,所在区县
西田各庄镇,密云县,有向的,所在区县
大城子镇,密云县,有向的,所在区县
不老屯镇,密云县,有向的,所在区县
千家店镇,延庆,有向的,所在区县
八达岭镇,延庆,有向的,所在区县
延庆镇,延庆,有向的,所在区县
大庄科乡,延庆,有向的,所在区县
珍珠泉乡,延庆,有向的,所在区县
永宁镇,延庆,有向的,所在区县
旧县镇,延庆,有向的,所在区县
井庄镇,延庆,有向的,所在区县
四海镇,延庆,有向的,所在区县
张山营镇,延庆,有向的,所在区县
大榆树镇,延庆,有向的,所在区县
沈家营镇,延庆,有向的,所在区县
爨底下村,斋堂镇,有向的,所属乡镇
柏峪村,斋堂镇,有向的,所属乡镇
向阳口村,斋堂镇,有向的,所属乡镇
黄岭西村,斋堂镇,有向的,所属乡镇
火村,斋堂镇,有向的,所属乡镇
马栏村,斋堂镇,有向的,所属乡镇
碣石村,雁翅镇,有向的,所属乡镇
高台村,雁翅镇,有向的,所属乡镇
岭角村,妙峰山镇,有向的,所属乡镇
涧沟村,妙峰山镇,有向的,所属乡镇
炭厂村,妙峰山镇,有向的,所属乡镇
黄土台村,妙峰山镇,有向的,所属乡镇
水峪嘴村,妙峰山镇,有向的,所属乡镇
洪水口村,清水镇,有向的,所属乡镇
江水河村,清水镇,有向的,所属乡镇
八亩堰村,清水镇,有向的,所属乡镇
黄安坨村,清水镇,有向的,所属乡镇
西达么村,清水镇,有向的,所属乡镇
张家铺村,清水镇,有向的,所属乡镇
赵家台村,谭柘寺镇,有向的,所属乡镇
平原村,谭柘寺镇,有向的,所属乡镇
东马各庄村,王平镇,有向的,所属乡镇
韭园村,王平镇,有向的,所属乡镇
麻峪房子民俗村,长陵镇,有向的,所属乡镇
黄泉寺村,长陵镇,有向的,所属乡镇
下口村,长陵镇,有向的,所属乡镇
碓臼峪村,长陵镇,有向的,所属乡镇
东水峪村,长陵镇,有向的,所属乡镇
康陵村,长陵镇,有向的,所属乡镇
德陵民俗村,长陵镇,有向的,所属乡镇
大岭沟村,长陵镇,有向的,所属乡镇
百合村,兴寿镇,有向的,所属乡镇
西湖民俗村,兴寿镇,有向的,所属乡镇
花果山民俗村,兴寿镇,有向的,所属乡镇
湖门民俗村,兴寿镇,有向的,所属乡镇
酸枣岭村,小汤山镇,有向的,所属乡镇
长峪城村,流村镇,有向的,所属乡镇
菩萨鹿村,流村镇,有向的,所属乡镇
瓦摇村,流村镇,有向的,所属乡镇
漆园村,流村镇,有向的,所属乡镇
北照台村,流村镇,有向的,所属乡镇
香堂村,崔村镇,有向的,所属乡镇
郑各庄村,北七家镇,有向的,所属乡镇
天龙潭村,南口镇,有向的,所属乡镇
羊台子民俗村,南口镇,有向的,所属乡镇
花塔村,南口镇,有向的,所属乡镇
居庸关村,南口镇,有向的,所属乡镇
白羊城民俗村,流村镇,有向的,所属乡镇
真顺村,崔村镇,有向的,所属乡镇
黄草洼村,金海湖镇,有向的,所属乡镇
海子村,金海湖镇,有向的,所属乡镇
韩庄村,金海湖镇,有向的,所属乡镇
将军关村,金海湖镇,有向的,所属乡镇
红石门村,金海湖镇,有向的,所属乡镇
黑水湾村,金海湖镇,有向的,所属乡镇
郭家屯村,金海湖镇,有向的,所属乡镇
雕窝村,黄松峪乡,有向的,所属乡镇
梨树沟村,黄松峪乡,有向的,所属乡镇
塔洼村,黄松峪乡,有向的,所属乡镇
大东沟村,黄松峪乡,有向的,所属乡镇
鱼子山村,山东庄镇,有向的,所属乡镇
苏子峪村,大华山镇,有向的,所属乡镇
挂甲峪村,大华山镇,有向的,所属乡镇
泉水峪村,大华山镇,有向的,所属乡镇
东辛撞村,大华山镇,有向的,所属乡镇
老泉口村,熊尔寨乡,有向的,所属乡镇
太后村,王辛庄镇,有向的,所属乡镇
北太平庄村,王辛庄镇,有向的,所属乡镇
井峪村,王辛庄镇,有向的,所属乡镇
东四道岭村,镇罗营镇,有向的,所属乡镇
玻璃台村,镇罗营镇,有向的,所属乡镇
张家台村,镇罗营镇,有向的,所属乡镇
北寨村,南独河镇,有向的,所属乡镇
淘金谷欢乐农家,大兴庄镇,有向的,所属乡镇
东山下村,刘家店镇,有向的,所属乡镇
行宫村,刘家店镇,有向的,所属乡镇
前吉山村,刘家店镇,有向的,所属乡镇
北宅村,桥梓镇,有向的,所属乡镇
新王峪村,桥梓镇,有向的,所属乡镇
上王峪村,桥梓镇,有向的,所属乡镇
卢庄村,怀柔镇,有向的,所属乡镇
甘涧峪村,怀柔镇,有向的,所属乡镇
超梁子村,宝山镇,有向的,所属乡镇
东帽湾村,汤河口镇,有向的,所属乡镇
西庄村,怀北镇,有向的,所属乡镇
大水峪村,怀北镇,有向的,所属乡镇
椴树岭村,怀北镇,有向的,所属乡镇
河防口村,怀北镇,有向的,所属乡镇
后山铺村,琉璃庙镇,有向的,所属乡镇
八宝堂村,琉璃庙镇,有向的,所属乡镇
西湾子村,琉璃庙镇,有向的,所属乡镇
青石岭村,琉璃庙镇,有向的,所属乡镇
庄户村,渤海镇,有向的,所属乡镇
苇店民俗村,渤海镇,有向的,所属乡镇
六渡河村,渤海镇,有向的,所属乡镇
慕田峪村,渤海镇,有向的,所属乡镇
三岔村,渤海镇,有向的,所属乡镇
北沟村,渤海镇,有向的,所属乡镇
田仙峪村,渤海镇,有向的,所属乡镇
西水峪村,九渡河镇,有向的,所属乡镇
杏树台村,九渡河镇,有向的,所属乡镇
石湖峪村,九渡河镇,有向的,所属乡镇
孙栅子村,喇叭沟门乡,有向的,所属乡镇
苗营村,喇叭沟门乡,有向的,所属乡镇
中榆树店村,喇叭沟门乡,有向的,所属乡镇
官地村,雁栖镇,有向的,所属乡镇
神堂峪村,雁栖镇,有向的,所属乡镇
莲花池村,雁栖镇,有向的,所属乡镇
石片村,雁栖镇,有向的,所属乡镇
七道梁正白旗村,长哨营满族乡,有向的,所属乡镇
石城村,石城镇,有向的,所属乡镇
石塘路村,石城镇,有向的,所属乡镇
贾峪村,石城镇,有向的,所属乡镇
张家坟村,石城镇,有向的,所属乡镇
捧河岩村,石城镇,有向的,所属乡镇
水堡子村,石城镇,有向的,所属乡镇
黄土梁村,石城镇,有向的,所属乡镇
遥桥峪村,新城子镇,有向的,所属乡镇
曹家路村,新城子镇,有向的,所属乡镇
花园村,新城子镇,有向的,所属乡镇
河东村,古北口镇,有向的,所属乡镇
河西村,古北口镇,有向的,所属乡镇
司马台村,古北口镇,有向的,所属乡镇
苇子峪村,北庄镇,有向的,所属乡镇
南沟村,北庄镇,有向的,所属乡镇
达峪村,巨各庄镇,有向的,所属乡镇
双圣峪村,太师屯镇,有向的,所属乡镇
龙潭沟村,太师屯镇,有向的,所属乡镇
走马庄口门子村,溪翁庄镇,有向的,所属乡镇
石马峪民俗村,溪翁庄镇,有向的,所属乡镇
黑山寺村,溪翁庄镇,有向的,所属乡镇
牛盆峪村,西田各庄镇,有向的,所属乡镇
大龙门村,大城子镇,有向的,所属乡镇
史庄子村,不老屯镇,有向的,所属乡镇
河西村（秀水湾民俗度假村）,千家店镇,有向的,所属乡镇
长寿岭村,千家店镇,有向的,所属乡镇
古家窑村,千家店镇,有向的,所属乡镇
下湾村,千家店镇,有向的,所属乡镇
里炮村（红苹果度假村）,八达岭镇,有向的,所属乡镇
岔道村,八达岭镇,有向的,所属乡镇
东沟村,八达岭镇,有向的,所属乡镇
石佛寺村,八达岭镇,有向的,所属乡镇
石峡村,八达岭镇,有向的,所属乡镇
下德龙湾村,八达岭镇,有向的,所属乡镇
东小河屯村,延庆镇,有向的,所属乡镇
卓家营村,延庆镇,有向的,所属乡镇
水泉沟村（莲花缘度假村）,大庄科乡,有向的,所属乡镇
香屯村,大庄科乡,有向的,所属乡镇
汉家川河南村,大庄科乡,有向的,所属乡镇
珍珠泉村,珍珠泉乡,有向的,所属乡镇
水泉子村,珍珠泉乡,有向的,所属乡镇
小川村,珍珠泉乡,有向的,所属乡镇
上磨村,永宁镇,有向的,所属乡镇
盆窑村,旧县镇,有向的,所属乡镇
古城村,旧县镇,有向的,所属乡镇
柳沟村,井庄镇,有向的,所属乡镇
南湾村,四海镇,有向的,所属乡镇
西大庄科村,张山营镇,有向的,所属乡镇
玉皇庙村,张山营镇,有向的,所属乡镇
韩郝庄,张山营镇,有向的,所属乡镇
东桑园村,大榆树镇,有向的,所属乡镇
上花园村,沈家营镇,有向的,所属乡镇
西王化营村,沈家营镇,有向的,所属乡镇
宗胜,正统,有向的,任总兵时间
吴德,天顺,有向的,任总兵时间
赵胜,成化,有向的,任总兵时间
刘清,成化,有向的,任总兵时间
孙杰,正统,有向的,任总兵时间
李铭,成化,有向的,任总兵时间
刘福,弘治,有向的,任总兵时间
蒋骥,弘治,有向的,任总兵时间
阮兴,弘治,有向的,任总兵时间
王铭,弘治,有向的,任总兵时间
温和,正德,有向的,任总兵时间
吴玉,正德,有向的,任总兵时间
冯澄,正德,有向的,任总兵时间
陈i,正德,有向的,任总兵时间
戴钦,正德,有向的,任总兵时间
马永,嘉靖,有向的,任总兵时间
杨慎,嘉靖,有向的,任总兵时间
卜云,嘉靖,有向的,任总兵时间
刘渊,嘉靖,有向的,任总兵时间
萧升,嘉靖,有向的,任总兵时间
祝雄,嘉靖,有向的,任总兵时间
戴廉,嘉靖,有向的,任总兵时间
周,嘉靖,有向的,任总兵时间
罗希韩,嘉靖,有向的,任总兵时间
李凤鸣,嘉靖,有向的,任总兵时间
成勋,嘉靖,有向的,任总兵时间
周益昌,嘉靖,有向的,任总兵时间
欧阳安,嘉靖,有向的,任总兵时间
李广,嘉靖,有向的,任总兵时间
张承勋,嘉靖,有向的,任总兵时间
胡镇,嘉靖,有向的,任总兵时间
王孟夏,嘉靖,有向的,任总兵时间
孙膑,嘉靖,有向的,任总兵时间
李世忠,隆庆,有向的,任总兵时间
郭琥,隆庆,有向的,任总兵时间
张臣,万历,有向的,任总兵时间
董一元,万历,有向的,任总兵时间
张邦奇,万历,有向的,任总兵时间
王保,万历,有向的,任总兵时间
尤继先,万历,有向的,任总兵时间
倪尚忠,万历,有向的,任总兵时间
杜松,万历,有向的,任总兵时间
马栋,万历,有向的,任总兵时间
王国栋,万历,有向的,任总兵时间
萧如薰,万历,有向的,任总兵时间
张国柱,万历,有向的,任总兵时间
张承荫,万历,有向的,任总兵时间
李怀信,万历,有向的,任总兵时间
朱国良,万历,有向的,任总兵时间
刘渠,万历,有向的,任总兵时间
王威,万历,有向的,任总兵时间
许世臣,万历,有向的,任总兵时间
杨茂春,万历,有向的,任总兵时间
孙祖寿,天启,有向的,任总兵时间
马世龙,天启,有向的,任总兵时间
尤世威,天启,有向的,任总兵时间
朱国彦,崇祯,有向的,任总兵时间
杨肇基,崇祯,有向的,任总兵时间
杨国振,崇祯,有向的,任总兵时间
王维城,崇祯,有向的,任总兵时间
杨嘉谟,崇祯,有向的,任总兵时间
张天礼,崇祯,有向的,任总兵时间
陈国威,崇祯,有向的,任总兵时间
吴国俊,崇祯,有向的,任总兵时间
白蛟,崇祯,有向的,任总兵时间
李居正,崇祯,有向的,任总兵时间
薛敏忠,崇祯,有向的,任总兵时间
唐通,崇祯,有向的,任总兵时间
孔希贵,崇祯,有向的,任总兵时间
陈志,永乐,有向的,任总兵时间
张信,永乐,有向的,任总兵时间
王,宣德,有向的,任总兵时间
冯宗,成化,有向的,任总兵时间
焦寿,成化,有向的,任总兵时间
胡镛,景泰,有向的,任总兵时间
沈煜,天顺,有向的,任总兵时间
马荣,天顺,有向的,任总兵时间
陈景先,永乐,有向的,任总兵时间
陈敬,永乐,有向的,任总兵时间
杨四畏,万历,有向的,任总兵时间
戚继光,隆庆,有向的,任总兵时间
孙杰,伯爵,有向的,职位
刘福,伯爵,有向的,职位
蒋骥,候爵,有向的,职位
陈i,伯爵,有向的,职位
陈志,伯爵,有向的,职位
张信,候爵,有向的,职位
焦寿,伯爵,有向的,职位
沈煜,伯爵,有向的,职位
宗胜,遵化卫,有向的,出生地
吴玉,遵化卫,有向的,出生地
刘渊,山海卫,有向的,出生地
萧升,抚宁卫,有向的,出生地
祝雄,山海卫,有向的,出生地
戴廉,蓟州卫,有向的,出生地
周,抚宁卫,有向的,出生地
罗希韩,平谷县,有向的,出生地
成勋,蓟州卫,有向的,出生地
孙祖寿,昌平,有向的,出生地
王,密云县,有向的,出生地
胡镛,永平卫,有向的,出生地
马荣,遵化卫,有向的,出生地
陈景先,东胜右卫,有向的,出生地
倒马关驿 ,倒马关,有向的,所属路
榆河驿,昌平,有向的,所属路
山海关驿,山海关区,有向的,所在区县
榆关驿,抚宁县,有向的,所在区县
滦河驿,卢龙县,有向的,所在区县
迁安驿,迁安县,有向的,所在区县
七家岭驿,迁安县,有向的,所在区县
滦阳驿,迁西县,有向的,所在区县
遵化驿,遵化市,有向的,所在区县
渔阳驿,蓟县,有向的,所在区县
卢峰口驿,抚宁县,有向的,所在区县
山海关驿,洪武,有向的,初置时间
榆关驿,洪武,有向的,初置时间
迁安驿,洪武,有向的,初置时间
阳樊驿,嘉靖,有向的,初置时间
渔阳驿,天启,有向的,初置时间
三河驿,正德,有向的,初置时间
潞河驿,永乐,有向的,初置时间
上阵驿 ,洪武,有向的,初置时间
金台驿,洪武,有向的,初置时间
泾阳驿,嘉靖,有向的,初置时间
倒马关驿 ,洪武,有向的,初置时间
密云驿,洪武,有向的,初置时间
榆河驿,嘉靖,有向的,初置时间
卢峰口驿,洪武,有向的,初置时间
山海路,石门路,有向的,西邻
石门路,台头路,有向的,西邻
台头路,燕河路,有向的,西邻
燕河路,太平路,有向的,西邻
太平路,喜峰口路,有向的,西邻
喜峰口路,松棚路,有向的,西邻
松棚路,马兰路,有向的,西邻
马兰路,墙子路,有向的,西邻
墙子路,曹家路,有向的,西邻
曹家路,古北路,有向的,西邻
古北路,石塘路,有向的,西邻
石门路,山海路,有向的,东临
台头路,石门路,有向的,东临
燕河路,台头路,有向的,东临
太平路,燕河路,有向的,东临
喜峰口路,太平路,有向的,东临
松棚路,喜峰口路,有向的,东临
马兰路,松棚路,有向的,东临
墙子路,马兰路,有向的,东临
曹家路,墙子路,有向的,东临
古北路,曹家路,有向的,东临
石塘路,古北路,有向的,东临
辽东镇,蓟镇,有向的,西邻
宣府镇,大同镇,有向的,西邻
大同镇,延绥镇,有向的,西邻
延绥镇,宁夏镇,有向的,西邻
宁夏镇,甘肃镇,有向的,西邻
甘肃镇,固原镇,有向的,东临
山西镇,延绥镇,有向的,西邻
固原镇,甘肃镇,有向的,西邻
蓟镇,宣府镇,有向的,西邻
昌镇,真保镇,有向的,西邻
真保镇,山西镇,有向的,西邻
宣府镇,蓟镇,有向的,东临
大同镇,宣府镇,有向的,东临
延绥镇,固原镇,有向的,东临
宁夏镇,延绥镇,有向的,东临
甘肃镇,宁夏镇,有向的,东临
山西镇,真保镇,有向的,东临
固原镇,延绥镇,有向的,东临
蓟镇,昌镇,有向的,西邻
昌镇,蓟镇,有向的,东临
真保镇,昌镇,有向的,东临
延绥镇,大同镇,有向的,东临
延绥镇,山西镇,有向的,东临
蓟镇,辽东镇,有向的,东临
